Id,Level,TopicHeading,Question,Option1,Option2,Option3,Option4,Correct_Option,QuestionType,Topic
FENG1,1,Vocabulary : Beginner,Choose the synonym of happy.,Glad,Tired,Angry,Sad,Glad,MCQ,Vocabulary
FENG2,1,Vocabulary : Beginner,Choose the synonym of big.,Short,Tiny,Large,Little,Large,MCQ,Vocabulary
FENG3,1,Vocabulary : Beginner,Choose the synonym of quick.,Late,Fast,Heavy,Slow,Fast,MCQ,Vocabulary
FENG4,1,Vocabulary : Beginner,Choose the synonym of begin.,Start,Close,Stop,End,Start,MCQ,Vocabulary
FENG5,1,Vocabulary : Beginner,Choose the synonym of smart.,Lazy,Weak,Clever,Dull,Clever,MCQ,Vocabulary
FENG6,1,Vocabulary : Beginner,Choose the antonym of hot.,Warm,Cold,Soft,Bright,Cold,MCQ,Vocabulary
FENG7,1,Vocabulary : Beginner,Choose the antonym of tall.,High,Long,Wide,Short,Short,MCQ,Vocabulary
FENG8,1,Vocabulary : Beginner,Choose the antonym of clean.,Clear,Dirty,White,Fresh,Dirty,MCQ,Vocabulary
FENG9,1,Vocabulary : Beginner,Choose the antonym of open.,Wide,Loose,Close,Start,Close,MCQ,Vocabulary
FENG10,1,Vocabulary : Beginner,Choose the antonym of early.,Late,Quick,Fast,Soon,Late,MCQ,Vocabulary
FENG11,2,Vocabulary : Beginner,Which word means a young dog?,Kitten,Calf,Foal,Puppy,Puppy,MCQ,Vocabulary
FENG12,2,Vocabulary : Beginner,Which word means a house for birds?,Nest,Hole,Cage,Hut,Nest,MCQ,Vocabulary
FENG13,2,Vocabulary : Beginner,Which word means a place to learn?,Station,Hospital,School,Market,School,MCQ,Vocabulary
FENG14,2,Vocabulary : Beginner,Which word means a person who teaches?,Driver,Doctor,Farmer,Teacher,Teacher,MCQ,Vocabulary
FENG15,2,Vocabulary : Beginner,Which word means a person who writes books?,Author,Pilot,Chef,Nurse,Author,MCQ,Vocabulary
FENG16,2,Vocabulary : Beginner,Which word means food eaten in the morning?,Dinner,Lunch,Supper,Breakfast,Breakfast,MCQ,Vocabulary
FENG17,2,Vocabulary : Beginner,Which word means water falling from clouds?,Snow,Dust,Rain,Wind,Rain,MCQ,Vocabulary
FENG18,2,Vocabulary : Beginner,Which word means a baby cat?,Lamb,Chick,Kitten,Puppy,Kitten,MCQ,Vocabulary
FENG19,2,Vocabulary : Beginner,Which word means the color of grass?,Blue,Green,Red,Black,Green,MCQ,Vocabulary
FENG20,2,Vocabulary : Beginner,Which word means the opposite of noisy?,Sharp,Quiet,Bright,Loud,Quiet,MCQ,Vocabulary
FENG21,3,Vocabulary : Beginner,Choose the correct meaning of brave.,Courageous,Weak,Scared,Lazy,Courageous,MCQ,Vocabulary
FENG22,3,Vocabulary : Beginner,Choose the correct meaning of tiny.,Tall,Huge,Long,Small,Small,MCQ,Vocabulary
FENG23,3,Vocabulary : Beginner,Choose the correct meaning of empty.,Heavy,Sweet,Vacant,Full,Vacant,MCQ,Vocabulary
FENG24,3,Vocabulary : Beginner,Choose the word related to reading.,Book,Shoe,Plate,Spoon,Book,MCQ,Vocabulary
FENG25,3,Vocabulary : Beginner,Choose the word related to writing.,Bottle,Window,Pillow,Pencil,Pencil,MCQ,Vocabulary
FENG26,3,Vocabulary : Beginner,Choose the synonym of happy.,Glad,Angry,Sad,Tired,Glad,MCQ,Vocabulary
FENG27,3,Vocabulary : Beginner,Choose the synonym of big.,Large,Little,Tiny,Short,Large,MCQ,Vocabulary
FENG28,3,Vocabulary : Beginner,Choose the synonym of begin.,Close,End,Stop,Start,Start,MCQ,Vocabulary
FENG29,3,Vocabulary : Beginner,Choose the synonym of smart.,Dull,Weak,Lazy,Clever,Clever,MCQ,Vocabulary
FENG30,3,Vocabulary : Beginner,Choose the synonym of quick.,Slow,Heavy,Late,Fast,Fast,MCQ,Vocabulary
FENG31,4,Vocabulary : Beginner,Choose the antonym of hot.,Bright,Cold,Sharp,Warm,Cold,MCQ,Vocabulary
FENG32,4,Vocabulary : Beginner,Choose the antonym of tall.,Long,Short,High,Wide,Short,MCQ,Vocabulary
FENG33,4,Vocabulary : Beginner,Choose the antonym of clean.,Fresh,Dirty,White,Clear,Dirty,MCQ,Vocabulary
FENG34,4,Vocabulary : Beginner,Choose the antonym of open.,Close,Wide,Start,Loose,Close,MCQ,Vocabulary
FENG35,4,Vocabulary : Beginner,Choose the antonym of early.,Fast,Quick,Soon,Late,Late,MCQ,Vocabulary
FENG36,4,Vocabulary : Beginner,Choose the synonym of brave.,Sad,Courageous,Weak,Cowardly,Courageous,MCQ,Vocabulary
FENG37,4,Vocabulary : Beginner,Choose the antonym of noisy.,Loud,Quiet,Bright,Busy,Quiet,MCQ,Vocabulary
FENG38,4,Vocabulary : Beginner,Choose the synonym of tiny.,Small,Tall,Long,Huge,Small,MCQ,Vocabulary
FENG39,4,Vocabulary : Beginner,Choose the antonym of rich.,Poor,Happy,Wealthy,Strong,Poor,MCQ,Vocabulary
FENG40,4,Vocabulary : Beginner,Choose the synonym of angry.,Soft,Mad,Glad,Kind,Mad,MCQ,Vocabulary
FENG41,5,Vocabulary : Beginner,Choose the antonym of fast.,Sharp,Early,Slow,Quick,Slow,MCQ,Vocabulary
FENG42,5,Vocabulary : Beginner,Choose the synonym of beautiful.,Ugly,Plain,Pretty,Dirty,Pretty,MCQ,Vocabulary
FENG43,5,Vocabulary : Beginner,Choose the antonym of full.,Tall,Wide,Heavy,Empty,Empty,MCQ,Vocabulary
FENG44,5,Vocabulary : Beginner,Choose the synonym of silent.,Busy,Loud,Quiet,Rough,Quiet,MCQ,Vocabulary
FENG45,5,Vocabulary : Beginner,Choose the antonym of strong.,Weak,Tough,Brave,Hard,Weak,MCQ,Vocabulary
FENG46,5,Vocabulary : Beginner,Choose the synonym of old.,Fresh,New,Ancient,Young,Ancient,MCQ,Vocabulary
FENG47,5,Vocabulary : Beginner,Choose the antonym of near.,Close,Far,By,At,Far,MCQ,Vocabulary
FENG48,5,Vocabulary : Beginner,Choose the synonym of help.,Push,Assist,Hurt,Stop,Assist,MCQ,Vocabulary
FENG49,5,Vocabulary : Beginner,Choose the antonym of light.,Bright,Dark,Clear,Shiny,Dark,MCQ,Vocabulary
FENG50,5,Vocabulary : Beginner,Choose the synonym of laugh.,Cry,Smile,Sleep,Giggle,Giggle,MCQ,Vocabulary
FENG51,6,Naming Words,Which word is a Noun (Naming Word)?,apple,quickly,happy,run,apple,MCQ,Part of Speech
FENG52,6,Naming Words,Which word is a Noun (Naming Word)?,jump,blue,school,sing,school,MCQ,Part of Speech
FENG53,6,Naming Words,Which word is a Noun (Naming Word)?,cat,fast,swim,beautiful,cat,MCQ,Part of Speech
FENG54,6,Naming Words,Which word is a Noun (Naming Word)?,teacher,kind,read,slowly,teacher,MCQ,Part of Speech
FENG55,6,Naming Words,Which word is a Noun (Naming Word)?,dance,loudly,strong,book,book,MCQ,Part of Speech
FENG56,6,Naming Words,The _________ is barking loudly. (Noun),quickly,dog,run,happy,dog,MCQ,Part of Speech
FENG57,6,Naming Words,I read a _________ before bedtime. (Noun),book,sing,blue,jump,book,MCQ,Part of Speech
FENG58,6,Naming Words,We visited the _________ on Sunday. (Noun),play,nice,park,fast,park,MCQ,Part of Speech
FENG59,6,Naming Words,The _________ shines at night. (Noun),swim,run,moon,brightly,moon,MCQ,Part of Speech
FENG60,6,Naming Words,My sister has a pet _________. (Noun),kind,quickly,rabbit,jump,rabbit,MCQ,Part of Speech
FENG61,7,Naming Words,"Pick out the Naming Word: ""The boy kicked the ball.""",fast,ran,kicked,boy,boy,MCQ,Part of Speech
FENG62,7,Naming Words,"Pick out the Naming Word: ""The bird flew over the tree.""",flew,quickly,over,bird,bird,MCQ,Part of Speech
FENG63,7,Naming Words,"Pick out the Naming Word: ""The teacher wrote on the board.""",wrote,teacher,neatly,on,teacher,MCQ,Part of Speech
FENG64,7,Naming Words,"Pick out the Naming Word: ""The baby is sleeping.""",baby,quietly,sleeping,is,baby,MCQ,Part of Speech
FENG65,7,Naming Words,"Pick out the Naming Word: ""The farmer works in the field.""",hard,farmer,works,in,farmer,MCQ,Part of Speech
FENG66,7,Naming Words,Which word names a place?,run,jump,Dhaka,happy,Dhaka,MCQ,Part of Speech
FENG67,7,Naming Words,Which word names a person?,blue,teacher,write,swim,teacher,MCQ,Part of Speech
FENG68,7,Naming Words,Which word names an animal?,jump,fast,kind,tiger,tiger,MCQ,Part of Speech
FENG69,7,Naming Words,Which word names a thing?,run,play,loudly,pencil,pencil,MCQ,Part of Speech
FENG70,7,Naming Words,A noun is a _________ word.,doing,describing,joining,naming,naming,MCQ,Part of Speech
FENG71,8,Naming Words,Which word is NOT a Noun?,teacher,school,run,book,run,MCQ,Part of Speech
FENG72,8,Naming Words,Which word is NOT a Noun?,happy,cat,tree,boy,happy,MCQ,Part of Speech
FENG73,8,Naming Words,Which word is a Naming Word?,car,sing,beautiful,quickly,car,MCQ,Part of Speech
FENG74,8,Naming Words,Which word is a Naming Word?,elephant,kind,slowly,jump,elephant,MCQ,Part of Speech
FENG75,8,Naming Words,Which word is a Naming Word?,hospital,run,blue,write,hospital,MCQ,Part of Speech
FENG76,8,Naming Words,Which word is a Noun (Naming Word)?,hospital,sing,happy,quickly,hospital,MCQ,Part of Speech
FENG77,8,Naming Words,Which word is a Noun (Naming Word)?,jump,run,elephant,blue,elephant,MCQ,Part of Speech
FENG78,8,Naming Words,Which word is a Noun (Naming Word)?,bicycle,swim,slowly,kind,bicycle,MCQ,Part of Speech
FENG79,8,Naming Words,Which word is a Noun (Naming Word)?,write,garden,loudly,fast,garden,MCQ,Part of Speech
FENG80,8,Naming Words,Which word is a Noun (Naming Word)?,computer,beautiful,dance,quickly,computer,MCQ,Part of Speech
FENG81,9,Naming Words,The _________ rang loudly at the end of class. (Noun),bell,happy,run,jump,bell,MCQ,Part of Speech
FENG82,9,Naming Words,We crossed the _________ to reach the village. (Noun),sing,kind,bridge,slowly,bridge,MCQ,Part of Speech
FENG83,9,Naming Words,The _________ carried our books to school. (Noun),fast,bag,blue,play,bag,MCQ,Part of Speech
FENG84,9,Naming Words,I saw a _________ in the zoo. (Noun),happy,quickly,giraffe,run,giraffe,MCQ,Part of Speech
FENG85,9,Naming Words,The _________ stopped at the station. (Noun),kind,train,jump,loudly,train,MCQ,Part of Speech
FENG86,9,Naming Words,"Pick out the Naming Word: ""The girl drew a picture.""",beautifully,drew,girl,a,girl,MCQ,Part of Speech
FENG87,9,Naming Words,"Pick out the Naming Word: ""The lion slept under a tree.""",slept,quietly,lion,under,lion,MCQ,Part of Speech
FENG88,9,Naming Words,"Pick out the Naming Word: ""The doctor helped the patient.""",doctor,helped,carefully,the,doctor,MCQ,Part of Speech
FENG89,9,Naming Words,"Pick out the Naming Word: ""The children played in the playground.""",children,in,happily,played,children,MCQ,Part of Speech
FENG90,9,Naming Words,"Pick out the Naming Word: ""The ship sailed across the sea.""",ship,sailed,safely,across,ship,MCQ,Part of Speech
FENG91,10,Naming Words,Which word names a place?,run,jump,city,kind,city,MCQ,Part of Speech
FENG92,10,Naming Words,Which word names a person?,blue,nurse,write,quickly,nurse,MCQ,Part of Speech
FENG93,10,Naming Words,Which word names an animal?,slowly,zebra,play,happy,zebra,MCQ,Part of Speech
FENG94,10,Naming Words,Which word names a thing?,sing,clock,beautifully,run,clock,MCQ,Part of Speech
FENG95,10,Naming Words,"A noun can name a person, place, animal, or _________.",describe,doing,thing,action,thing,MCQ,Part of Speech
FENG96,10,Naming Words,Which word is NOT a Noun?,school,run,teacher,book,run,MCQ,Part of Speech
FENG97,10,Naming Words,Which word is NOT a Noun?,elephant,car,garden,happy,happy,MCQ,Part of Speech
FENG98,10,Naming Words,Which word is a Naming Word?,quickly,kind,mountain,jump,mountain,MCQ,Part of Speech
FENG99,10,Naming Words,Which word is a Naming Word?,play,beautiful,loudly,river,river,MCQ,Part of Speech
FENG100,10,Naming Words,Which word is a Naming Word?,run,airport,slowly,sing,airport,MCQ,Part of Speech
FENG101,11,Naming Words,Which word is a Noun (Naming Word)?,market,quickly,run,happy,market,MCQ,Part of Speech
FENG102,11,Naming Words,Which word is a Noun (Naming Word)?,jump,slowly,beautiful,teacher,teacher,MCQ,Part of Speech
FENG103,11,Naming Words,Which word is a Noun (Naming Word)?,loudly,castle,play,kind,castle,MCQ,Part of Speech
FENG104,11,Naming Words,Which word is a Noun (Naming Word)?,blue,pilot,fast,swim,pilot,MCQ,Part of Speech
FENG105,11,Naming Words,Which word is a Noun (Naming Word)?,island,quickly,sing,happy,island,MCQ,Part of Speech
FENG106,11,Naming Words,The _________ flew high in the sky. (Noun),jump,slowly,run,kite,kite,MCQ,Part of Speech
FENG107,11,Naming Words,We visited the _________ to borrow books. (Noun),library,play,quickly,kind,library,MCQ,Part of Speech
FENG108,11,Naming Words,The _________ cooked a delicious meal. (Noun),fast,sing,chef,loudly,chef,MCQ,Part of Speech
FENG109,11,Naming Words,I wrote with a _________. (Noun),jump,happy,crayon,run,crayon,MCQ,Part of Speech
FENG110,11,Naming Words,The _________ carried passengers across the river. (Noun),kind,boat,swim,slowly,boat,MCQ,Part of Speech
FENG111,12,Naming Words,"Pick out the Naming Word: ""The monkey climbed the tree.""",the,quickly,monkey,climbed,monkey,MCQ,Part of Speech
FENG112,12,Naming Words,"Pick out the Naming Word: ""The baker sold fresh bread.""",quickly,baker,fresh,sold,baker,MCQ,Part of Speech
FENG113,12,Naming Words,"Pick out the Naming Word: ""The rabbit hid in the bush.""",hid,quietly,rabbit,in,rabbit,MCQ,Part of Speech
FENG114,12,Naming Words,"Pick out the Naming Word: ""The artist painted a picture.""",painted,carefully,a,artist,artist,MCQ,Part of Speech
FENG115,12,Naming Words,"Pick out the Naming Word: ""The bus stopped near the school.""",near,safely,stopped,bus,bus,MCQ,Part of Speech
FENG116,12,Naming Words,Which word names a place?,beach,run,happy,jump,beach,MCQ,Part of Speech
FENG117,12,Naming Words,Which word names a person?,quickly,blue,firefighter,swim,firefighter,MCQ,Part of Speech
FENG118,12,Naming Words,Which word names an animal?,play,loudly,penguin,kind,penguin,MCQ,Part of Speech
FENG119,12,Naming Words,Which word names a thing?,helmet,run,happily,sing,helmet,MCQ,Part of Speech
FENG120,12,Naming Words,A Naming Word is another name for a _________.,conjunction,verb,noun,adjective,noun,MCQ,Part of Speech
FENG121,13,Naming Words,Which word is NOT a Noun?,carrot,school,tiger,run,run,MCQ,Part of Speech
FENG122,13,Naming Words,Which word is NOT a Noun?,airport,teacher,book,happy,happy,MCQ,Part of Speech
FENG123,13,Naming Words,Which word is a Naming Word?,jump,quickly,kind,crown,crown,MCQ,Part of Speech
FENG124,13,Naming Words,Which word is a Naming Word?,loudly,play,forest,beautiful,forest,MCQ,Part of Speech
FENG125,13,Naming Words,Which word is a Naming Word?,slowly,run,sing,astronaut,astronaut,MCQ,Part of Speech
FENG126,13,Naming Words,Which word is NOT a Noun?,apple,school,chair,quickly,quickly,MCQ,Part of Speech
FENG127,13,Naming Words,Which word is a Naming Word?,dance,river,loudly,kind,river,MCQ,Part of Speech
FENG128,13,Naming Words,Which word is a Naming Word?,happy,pencil,run,slowly,pencil,MCQ,Part of Speech
FENG129,13,Naming Words,Which word is NOT a Noun?,teacher,mountain,quickly,garden,quickly,MCQ,Part of Speech
FENG130,13,Naming Words,Which word is a Naming Word?,jump,bird,loudly,kind,bird,MCQ,Part of Speech
FENG131,14,Pronoun,Rina is my friend. _________ is very kind. (Pronoun),It,They,He,She,She,MCQ,Part of Speech
FENG132,14,Pronoun,Karim has a bicycle. _________ rides it every day. (Pronoun),It,They,She,He,He,MCQ,Part of Speech
FENG133,14,Pronoun,My cat is sleeping. _________ is under the table. (Pronoun),It,She,He,We,It,MCQ,Part of Speech
FENG134,14,Pronoun,Ali and I are classmates. _________ study together. (Pronoun),They,It,We,You,We,MCQ,Part of Speech
FENG135,14,Pronoun,Rupa and Sima are sisters. _________ play together. (Pronoun),They,We,She,It,They,MCQ,Part of Speech
FENG136,14,Pronoun,_________ am going to school now. (Pronoun),You,I,He,They,I,MCQ,Part of Speech
FENG137,14,Pronoun,Can _________ help me carry this bag? (Pronoun),He,I,You,She,You,MCQ,Part of Speech
FENG138,14,Pronoun,The dog is barking because _________ is hungry. (Pronoun),It,You,We,They,It,MCQ,Part of Speech
FENG139,14,Pronoun,My parents are at home. _________ are watching TV. (Pronoun),They,She,He,We,They,MCQ,Part of Speech
FENG140,14,Pronoun,Sara is reading a book. _________ likes reading. (Pronoun),She,They,He,It,She,MCQ,Part of Speech
FENG141,15,Pronoun,"Replace the Naming Word: ""Tom is playing football."" (Pronoun)",They,He,It,She,He,MCQ,Part of Speech
FENG142,15,Pronoun,"Replace the Naming Word: ""The bird is flying."" (Pronoun)",They,He,It,We,It,MCQ,Part of Speech
FENG143,15,Pronoun,"Replace the Naming Words: ""Rina and Mina are singing."" (Pronoun)",She,We,They,It,They,MCQ,Part of Speech
FENG144,15,Pronoun,Which word is a Pronoun?,happy,run,he,cat,he,MCQ,Part of Speech
FENG145,15,Pronoun,Which word is a Pronoun?,red,jump,book,they,they,MCQ,Part of Speech
FENG146,15,Pronoun,_________ are my best friends. (Pronoun),It,She,He,They,They,MCQ,Part of Speech
FENG147,15,Pronoun,My brother is tall. _________ plays basketball. (Pronoun),We,They,He,She,He,MCQ,Part of Speech
FENG148,15,Pronoun,The flower is beautiful. _________ smells nice. (Pronoun),He,It,You,They,It,MCQ,Part of Speech
FENG149,15,Pronoun,Nila and I went to the zoo. _________ saw many animals. (Pronoun),She,We,They,It,We,MCQ,Part of Speech
FENG150,15,Pronoun,_________ are a good student. (Pronoun),I,You,She,He,You,MCQ,Part of Speech
FENG151,16,Pronoun,"Pick out the Pronoun: ""She is drawing a picture.""",She,picture,is,drawing,She,MCQ,Part of Speech
FENG152,16,Pronoun,"Pick out the Pronoun: ""They are playing in the field.""",They,playing,are,field,They,MCQ,Part of Speech
FENG153,16,Pronoun,"Pick out the Pronoun: ""We love our school.""",We,love,school,our,We,MCQ,Part of Speech
FENG154,16,Pronoun,A pronoun is used instead of a _________ Word.,Doing,Naming,Joining,Describing,Naming,MCQ,Part of Speech
FENG155,16,Pronoun,"Replace the Naming Word: ""The children are laughing."" (Pronoun)",She,It,They,He,They,MCQ,Part of Speech
FENG156,16,Pronoun,The boys are playing cricket. _________ are having fun. (Pronoun),She,It,They,He,They,MCQ,Part of Speech
FENG157,16,Pronoun,My mother is a teacher. _________ teaches English. (Pronoun),She,He,We,They,She,MCQ,Part of Speech
FENG158,16,Pronoun,I have a pet fish. _________ swims in a bowl. (Pronoun),She,It,He,They,It,MCQ,Part of Speech
FENG159,16,Pronoun,Rahim and I went shopping. _________ bought some fruit. (Pronoun),They,He,She,We,We,MCQ,Part of Speech
FENG160,16,Pronoun,_________ am reading a storybook. (Pronoun),I,They,She,You,I,MCQ,Part of Speech
FENG161,17,Pronoun,"The teacher asked, Can _________ answer this question?"" (Pronoun)""",he,you,they,she,you,MCQ,Part of Speech
FENG162,17,Pronoun,My sisters are singing. _________ sound wonderful. (Pronoun),It,She,He,They,They,MCQ,Part of Speech
FENG163,17,Pronoun,The rabbit is eating a carrot. _________ looks happy. (Pronoun),It,We,You,They,It,MCQ,Part of Speech
FENG164,17,Pronoun,Fatema is my cousin. _________ lives in Dhaka. (Pronoun),He,It,They,She,She,MCQ,Part of Speech
FENG165,17,Pronoun,The students are studying. _________ have an exam tomorrow. (Pronoun),They,She,He,We,They,MCQ,Part of Speech
FENG166,17,Pronoun,"Replace the Naming Word: ""Mina is drawing a flower."" (Pronoun)",It,He,They,She,She,MCQ,Part of Speech
FENG167,17,Pronoun,"Replace the Naming Word: ""The tiger is sleeping."" (Pronoun)",They,He,It,We,It,MCQ,Part of Speech
FENG168,17,Pronoun,"Replace the Naming Words: ""Tom and Jerry are friends."" (Pronoun)",It,He,She,They,They,MCQ,Part of Speech
FENG169,17,Pronoun,Which word is a Pronoun?,book,run,they,beautiful,they,MCQ,Part of Speech
FENG170,17,Pronoun,Which word is a Pronoun?,jump,green,we,school,we,MCQ,Part of Speech
FENG171,18,Pronoun,_________ are going to the playground after school. (Pronoun),She,He,They,It,They,MCQ,Part of Speech
FENG172,18,Pronoun,My father drives a car. _________ goes to work every day. (Pronoun),They,We,He,She,He,MCQ,Part of Speech
FENG173,18,Pronoun,The computer is new. _________ works very fast. (Pronoun),They,He,It,You,It,MCQ,Part of Speech
FENG174,18,Pronoun,Ali and I cleaned the room. _________ finished quickly. (Pronoun),She,We,They,He,We,MCQ,Part of Speech
FENG175,18,Pronoun,_________ are my best teacher. (Pronoun),He,She,You,It,You,MCQ,Part of Speech
FENG176,18,Pronoun,"Pick out the Pronoun: ""He is riding a bicycle.""",is,riding,He,bicycle,He,MCQ,Part of Speech
FENG177,18,Pronoun,"Pick out the Pronoun: ""It is raining outside.""",outside,is,It,raining,It,MCQ,Part of Speech
FENG178,18,Pronoun,"Pick out the Pronoun: ""You are very helpful.""",very,are,You,helpful,You,MCQ,Part of Speech
FENG179,18,Pronoun,A pronoun can replace a _________. (Pronoun),Noun,Verb,Conjunction,Adjective,Noun,MCQ,Part of Speech
FENG180,18,Pronoun,"Replace the Naming Word: ""The girls are dancing."" (Pronoun)",They,She,It,He,They,MCQ,Part of Speech
FENG181,19,Pronoun,Arif is my brother. _________ likes football. (Pronoun),She,It,They,He,He,MCQ,Part of Speech
FENG182,19,Pronoun,The birds are flying in the sky. _________ are very high. (Pronoun),They,It,She,He,They,MCQ,Part of Speech
FENG183,19,Pronoun,I have a new pencil. _________ is blue. (Pronoun),It,She,He,They,It,MCQ,Part of Speech
FENG184,19,Pronoun,Salma and I are in the same class. _________ sit together. (Pronoun),She,They,He,We,We,MCQ,Part of Speech
FENG185,19,Pronoun,_________ are my best friends. (Pronoun),It,They,She,He,They,MCQ,Part of Speech
FENG186,19,Pronoun,My uncle is a doctor. _________ works at a hospital. (Pronoun),They,She,We,He,He,MCQ,Part of Speech
FENG187,19,Pronoun,The baby is sleeping. _________ is very quiet. (Pronoun),They,It,He,We,It,MCQ,Part of Speech
FENG188,19,Pronoun,Can _________ tell me the time? (Pronoun),She,I,He,You,You,MCQ,Part of Speech
FENG189,19,Pronoun,The children are in the library. _________ are reading books. (Pronoun),He,They,It,She,They,MCQ,Part of Speech
FENG190,19,Pronoun,_________ am learning English. (Pronoun),You,He,They,I,I,MCQ,Part of Speech
FENG191,20,Pronoun,"Replace the Naming Word: ""Rahim is eating an apple."" (Pronoun)",They,He,It,She,He,MCQ,Part of Speech
FENG192,20,Pronoun,"Replace the Naming Word: ""The horse is running fast."" (Pronoun)",They,We,It,He,It,MCQ,Part of Speech
FENG193,20,Pronoun,"Replace the Naming Words: ""Rita and Tina are watching TV."" (Pronoun)",It,He,She,They,They,MCQ,Part of Speech
FENG194,20,Pronoun,Which word is a Pronoun?,happy,car,they,run,they,MCQ,Part of Speech
FENG195,20,Pronoun,Which word is a Pronoun?,green,jump,you,tree,you,MCQ,Part of Speech
FENG196,20,Pronoun,_________ are going to visit our grandparents tomorrow. (Pronoun),He,She,They,It,They,MCQ,Part of Speech
FENG197,20,Pronoun,My aunt is cooking dinner. _________ is in the kitchen. (Pronoun),It,They,He,She,She,MCQ,Part of Speech
FENG198,20,Pronoun,The clock stopped working. _________ needs a new battery. (Pronoun),It,He,They,She,It,MCQ,Part of Speech
FENG199,20,Pronoun,Mina and I planted flowers. _________ watered them every day. (Pronoun),We,He,They,She,We,MCQ,Part of Speech
FENG200,20,Pronoun,_________ are a very kind person. (Pronoun),He,I,She,You,You,MCQ,Part of Speech
FENG201,21,Pronoun,"Pick out the Pronoun: ""They went to the market.""",market,They,went,to,They,MCQ,Part of Speech
FENG202,21,Pronoun,"Pick out the Pronoun: ""She sings beautifully.""",beautifully,sings,She,very,She,MCQ,Part of Speech
FENG203,21,Pronoun,"Pick out the Pronoun: ""It is on the table.""",on,table,It,is,It,MCQ,Part of Speech
FENG204,21,Pronoun,A pronoun takes the place of a _________. (Pronoun),Conjunction,Adjective,Verb,Noun,Noun,MCQ,Part of Speech
FENG205,21,Pronoun,"Replace the Naming Words: ""The boys are playing football."" (Pronoun)",It,She,He,They,They,MCQ,Part of Speech
FENG206,21,Pronoun,"Pick out the Pronoun: ""We love to play football.""",play,football,We,love,We,MCQ,Part of Speech
FENG207,21,Pronoun,"Pick out the Pronoun: ""He is reading a book.""",book,reading,He,is,He,MCQ,Part of Speech
FENG208,21,Pronoun,"Pick out the Pronoun: ""You are my best friend.""",friend,best,You,are,You,MCQ,Part of Speech
FENG209,21,Pronoun,Which word is a Pronoun?,quickly,she,garden,run,she,MCQ,Part of Speech
FENG210,21,Pronoun,"Replace the Naming Word: ""Rina is singing."" (Pronoun)",He,She,It,They,She,MCQ,Part of Speech
FENG211,22,Describing Words,She wore a _____ dress to the party. (Adjective),softly,beautiful,quickly,danced,beautiful,MCQ,Part of Speech
FENG212,22,Describing Words,The _____ tiger scared the villagers. (Adjective),jumped,slowly,fierce,loudly,fierce,MCQ,Part of Speech
FENG213,22,Describing Words,We live in a _____ house near the river. (Adjective),ran,happily,small,carefully,small,MCQ,Part of Speech
FENG214,22,Describing Words,The soup was very _____ today. (Adjective),tasty,ate,loudly,quickly,tasty,MCQ,Part of Speech
FENG215,22,Describing Words,He bought a _____ bicycle for his son. (Adjective),shiny,repaired,neatly,shouted,shiny,MCQ,Part of Speech
FENG216,22,Describing Words,The mountain is very _____. (Adjective),high,climbed,silently,played,high,MCQ,Part of Speech
FENG217,22,Describing Words,My grandfather told an _____ story. (Adjective),pushed,interesting,walked,slowly,interesting,MCQ,Part of Speech
FENG218,22,Describing Words,The baby has _____ cheeks. (Adjective),opened,quickly,soft,cried,soft,MCQ,Part of Speech
FENG219,22,Describing Words,We saw a _____ rainbow after the rain. (Adjective),loudly,jumped,danced,colorful,colorful,MCQ,Part of Speech
FENG220,22,Describing Words,The classroom was _____ after cleaning. (Adjective),swept,wrote,clean,carefully,clean,MCQ,Part of Speech
FENG221,23,Describing Words,The _____ puppy followed the boy home. (Adjective),sadly,repaired,cute,climbed,cute,MCQ,Part of Speech
FENG222,23,Describing Words,She gave me a _____ smile. (Adjective),painted,warm,fixed,silently,warm,MCQ,Part of Speech
FENG223,23,Describing Words,The road becomes _____ during winter. (Adjective),folded,slippery,washed,shouted,slippery,MCQ,Part of Speech
FENG224,23,Describing Words,It was a _____ day at the beach. (Adjective),swam,loudly,chased,sunny,sunny,MCQ,Part of Speech
FENG225,23,Describing Words,The _____ flowers filled the garden with beauty. (Adjective),quickly,fragrant,repaired,opened,fragrant,MCQ,Part of Speech
FENG226,23,Describing Words,He carried a _____ bag to school. (Adjective),laughed,floated,softly,heavy,heavy,MCQ,Part of Speech
FENG227,23,Describing Words,The movie was very _____. (Adjective),pushed,carefully,watched,exciting,exciting,MCQ,Part of Speech
FENG228,23,Describing Words,They adopted a _____ kitten from the shelter. (Adjective),climbed,tiny,borrowed,neatly,tiny,MCQ,Part of Speech
FENG229,23,Describing Words,The teacher gave us a _____ task. (Adjective),danced,difficult,silently,explained,difficult,MCQ,Part of Speech
FENG230,23,Describing Words,We enjoyed the _____ weather yesterday. (Adjective),mixed,shouted,pleasant,repaired,pleasant,MCQ,Part of Speech
FENG231,24,Describing Words,The _____ river flows through the village. (Adjective),wide,carried,happily,folded,wide,MCQ,Part of Speech
FENG232,24,Describing Words,She wore a _____ scarf in winter. (Adjective),softly,jumped,woolen,washed,woolen,MCQ,Part of Speech
FENG233,24,Describing Words,The child solved the _____ puzzle quickly. (Adjective),tricky,laughed,repaired,opened,tricky,MCQ,Part of Speech
FENG234,24,Describing Words,The old man lived in a _____ cottage. (Adjective),shouted,climbed,quiet,painted,quiet,MCQ,Part of Speech
FENG235,24,Describing Words,We visited a _____ museum during our trip. (Adjective),borrowed,famous,danced,floated,famous,MCQ,Part of Speech
FENG236,24,Describing Words,The _____ elephant walked through the forest. (Adjective),softly,ran,painted,huge,huge,MCQ,Part of Speech
FENG237,24,Describing Words,She bought a _____ handbag from the market. (Adjective),stylish,loudly,washed,climbed,stylish,MCQ,Part of Speech
FENG238,24,Describing Words,The _____ boy helped the old woman cross the road. (Adjective),repaired,kind,jumped,quickly,kind,MCQ,Part of Speech
FENG239,24,Describing Words,We enjoyed the _____ breeze in the evening. (Adjective),shouted,cool,folded,fixed,cool,MCQ,Part of Speech
FENG240,24,Describing Words,The teacher praised the _____ student. (Adjective),hardworking,carried,slowly,painted,hardworking,MCQ,Part of Speech
FENG241,25,Describing Words,They stayed in a _____ hotel near the beach. (Adjective),opened,luxurious,mixed,laughed,luxurious,MCQ,Part of Speech
FENG242,25,Describing Words,The _____ cake tasted delicious. (Adjective),silently,repaired,danced,chocolate,chocolate,MCQ,Part of Speech
FENG243,25,Describing Words,He wore a _____ jacket during the trip. (Adjective),thick,washed,climbed,floated,thick,MCQ,Part of Speech
FENG244,25,Describing Words,The _____ garden attracted many visitors. (Adjective),borrowed,beautiful,pushed,quickly,beautiful,MCQ,Part of Speech
FENG245,25,Describing Words,We saw a _____ deer in the jungle. (Adjective),shouted,graceful,folded,repaired,graceful,MCQ,Part of Speech
FENG246,25,Describing Words,The child asked a _____ question in class. (Adjective),carried,jumped,clever,washed,clever,MCQ,Part of Speech
FENG247,25,Describing Words,The _____ pillow made me sleep comfortably. (Adjective),laughed,fluffy,climbed,painted,fluffy,MCQ,Part of Speech
FENG248,25,Describing Words,The villagers crossed the _____ bridge carefully. (Adjective),floated,repaired,mixed,narrow,narrow,MCQ,Part of Speech
FENG249,25,Describing Words,It was a _____ performance by the singer. (Adjective),danced,opened,amazing,fixed,amazing,MCQ,Part of Speech
FENG250,25,Describing Words,The _____ room looked bright and cheerful. (Adjective),pushed,borrowed,climbed,spacious,spacious,MCQ,Part of Speech
FENG251,26,Describing Words,The _____ fox disappeared into the woods. (Adjective),folded,washed,shouted,clever,clever,MCQ,Part of Speech
FENG252,26,Describing Words,My aunt prepared a _____ meal for dinner. (Adjective),healthy,floated,jumped,repaired,healthy,MCQ,Part of Speech
FENG253,26,Describing Words,The _____ clouds covered the sky. (Adjective),carried,dark,opened,laughed,dark,MCQ,Part of Speech
FENG254,26,Describing Words,We visited an _____ castle during our vacation. (Adjective),mixed,climbed,ancient,washed,ancient,MCQ,Part of Speech
FENG255,26,Describing Words,The _____ baby slept peacefully in the cradle. (Adjective),sleepy,shouted,repaired,folded,sleepy,MCQ,Part of Speech
FENG256,26,Describing Words,The _____ athlete won the gold medal. (Adjective),painted,borrowed,talented,floated,talented,MCQ,Part of Speech
FENG257,26,Describing Words,The _____ road led to the mountain village. (Adjective),winding,jumped,carried,fixed,winding,MCQ,Part of Speech
FENG258,26,Describing Words,She wore a _____ necklace at the party. (Adjective),sparkling,climbed,repaired,washed,sparkling,MCQ,Part of Speech
FENG259,26,Describing Words,The _____ farmer worked in the field all day. (Adjective),laughed,hardworking,pushed,opened,hardworking,MCQ,Part of Speech
FENG260,26,Describing Words,The _____ library was full of old books. (Adjective),quiet,floated,repaired,mixed,quiet,MCQ,Part of Speech
FENG261,27,Describing Words,The girl wore a beautiful dress to the party. Choose the correct adjective.,girl,wore,beautiful,dress,beautiful,MCQ,Part of Speech
FENG262,27,Describing Words,We visited an ancient temple last summer. Choose the correct adjective.,ancient,summer,temple,visited,ancient,MCQ,Part of Speech
FENG263,27,Describing Words,The hungry child ate the sandwich quickly. Choose the correct adjective.,ate,hungry,sandwich,child,hungry,MCQ,Part of Speech
FENG264,27,Describing Words,He bought a shiny new laptop yesterday. Choose the correct adjective.,bought,shiny,yesterday,laptop,shiny,MCQ,Part of Speech
FENG265,27,Describing Words,The tall building can be seen from far away. Choose the correct adjective.,away,tall,seen,building,tall,MCQ,Part of Speech
FENG266,27,Describing Words,She lives in a quiet neighborhood near the lake. Choose the correct adjective.,lake,lives,quiet,near,quiet,MCQ,Part of Speech
FENG267,27,Describing Words,The brave soldier saved many people. Choose the correct adjective.,people,soldier,brave,saved,brave,MCQ,Part of Speech
FENG268,27,Describing Words,We enjoyed the delicious food at the restaurant. Choose the correct adjective.,delicious,enjoyed,food,restaurant,delicious,MCQ,Part of Speech
FENG269,27,Describing Words,The small kitten slept on the sofa. Choose the correct adjective.,small,slept,kitten,sofa,small,MCQ,Part of Speech
FENG270,27,Describing Words,The clever student answered all the questions. Choose the correct adjective.,student,clever,answered,questions,clever,MCQ,Part of Speech
FENG271,28,Describing Words,My uncle drives a fast car on highways. Choose the correct adjective.,fast,highways,uncle,car,fast,MCQ,Part of Speech
FENG272,28,Describing Words,The old man walked slowly with a stick. Choose the correct adjective.,slowly,walked,stick,old,old,MCQ,Part of Speech
FENG273,28,Describing Words,She wore a colorful scarf in winter. Choose the correct adjective.,wore,colorful,winter,scarf,colorful,MCQ,Part of Speech
FENG274,28,Describing Words,The strong wind damaged several trees. Choose the correct adjective.,wind,trees,damaged,strong,strong,MCQ,Part of Speech
FENG275,28,Describing Words,We saw a beautiful rainbow after the rain. Choose the correct adjective.,rain,beautiful,rainbow,saw,beautiful,MCQ,Part of Speech
FENG276,28,Describing Words,The happy children played in the park. Choose the correct adjective.,happy,park,played,children,happy,MCQ,Part of Speech
FENG277,28,Describing Words,The teacher told an interesting story today. Choose the correct adjective.,teacher,interesting,today,story,interesting,MCQ,Part of Speech
FENG278,28,Describing Words,He carried a heavy bag to school. Choose the correct adjective.,carried,bag,heavy,school,heavy,MCQ,Part of Speech
FENG279,28,Describing Words,The cold weather forced us to stay inside. Choose the correct adjective.,weather,forced,cold,inside,cold,MCQ,Part of Speech
FENG280,28,Describing Words,The young artist painted a wonderful picture. Choose the correct adjective.,artist,painted,picture,wonderful,wonderful,MCQ,Part of Speech
FENG281,29,Describing Words,We stayed in a comfortable hotel during vacation. Choose the correct adjective.,vacation,hotel,comfortable,stayed,comfortable,MCQ,Part of Speech
FENG282,29,Describing Words,The noisy crowd cheered for the team. Choose the correct adjective.,cheered,noisy,crowd,team,noisy,MCQ,Part of Speech
FENG283,29,Describing Words,The smart boy solved the puzzle easily. Choose the correct adjective.,easily,puzzle,solved,smart,smart,MCQ,Part of Speech
FENG284,29,Describing Words,She adopted a cute puppy from the shelter. Choose the correct adjective.,puppy,shelter,adopted,cute,cute,MCQ,Part of Speech
FENG285,29,Describing Words,The rich businessman donated money to charity. Choose the correct adjective.,businessman,rich,donated,charity,rich,MCQ,Part of Speech
FENG286,29,Describing Words,The lazy cat slept near the fireplace. Choose the correct adjective.,cat,lazy,slept,fireplace,lazy,MCQ,Part of Speech
FENG287,29,Describing Words,We crossed a narrow bridge over the river. Choose the correct adjective.,crossed,narrow,bridge,river,narrow,MCQ,Part of Speech
FENG288,29,Describing Words,The honest boy returned the lost wallet. Choose the correct adjective.,honest,boy,wallet,returned,honest,MCQ,Part of Speech
FENG289,29,Describing Words,She bought a soft pillow for her bed. Choose the correct adjective.,bed,bought,pillow,soft,soft,MCQ,Part of Speech
FENG290,29,Describing Words,The bright sun warmed the whole village. Choose the correct adjective.,bright,warmed,village,sun,bright,MCQ,Part of Speech
FENG291,30,Describing Words,The poor farmer worked all day in the field. Choose the correct adjective.,farmer,poor,worked,field,poor,MCQ,Part of Speech
FENG292,30,Describing Words,He wore a clean shirt to school. Choose the correct adjective.,wore,school,clean,shirt,clean,MCQ,Part of Speech
FENG293,30,Describing Words,The friendly dog wagged its tail happily. Choose the correct adjective.,happily,dog,wagged,friendly,friendly,MCQ,Part of Speech
FENG294,30,Describing Words,We enjoyed the fresh air in the countryside. Choose the correct adjective.,air,fresh,enjoyed,countryside,fresh,MCQ,Part of Speech
FENG295,30,Describing Words,The little girl carried a basket of flowers. Choose the correct adjective.,basket,girl,little,carried,little,MCQ,Part of Speech
FENG296,30,Describing Words,The empty classroom looked very quiet. Choose the correct adjective.,classroom,quiet,looked,empty,empty,MCQ,Part of Speech
FENG297,30,Describing Words,The clever fox escaped from the trap. Choose the correct adjective.,fox,clever,escaped,trap,clever,MCQ,Part of Speech
FENG298,30,Describing Words,She lives in a modern apartment in the city. Choose the correct adjective.,apartment,modern,lives,city,modern,MCQ,Part of Speech
FENG299,30,Describing Words,The thirsty traveler drank cold water. Choose the correct adjective.,drank,traveler,thirsty,water,thirsty,MCQ,Part of Speech
FENG300,30,Describing Words,The gentle nurse cared for the patient kindly. Choose the correct adjective.,gentle,nurse,cared,kindly,gentle,MCQ,Part of Speech
FENG301,31,Describing Words,The red balloon floated into the sky. Choose the correct adjective.,balloon,red,sky,floated,red,MCQ,Part of Speech
FENG302,31,Describing Words,We walked along a sandy beach at sunset. Choose the correct adjective.,sunset,walked,beach,sandy,sandy,MCQ,Part of Speech
FENG303,31,Describing Words,The angry teacher scolded the noisy students. Choose the correct adjective.,teacher,angry,scolded,students,angry,MCQ,Part of Speech
FENG304,31,Describing Words,The broken chair was lying outside the room. Choose the correct adjective.,lying,broken,room,chair,broken,MCQ,Part of Speech
FENG305,31,Describing Words,The cheerful singer entertained the audience. Choose the correct adjective.,singer,audience,entertained,cheerful,cheerful,MCQ,Part of Speech
FENG306,31,Describing Words,He climbed the steep hill without stopping. Choose the correct adjective.,climbed,hill,stopping,steep,steep,MCQ,Part of Speech
FENG307,31,Describing Words,The lonely child sat quietly in the corner. Choose the correct adjective.,corner,lonely,sat,child,lonely,MCQ,Part of Speech
FENG308,31,Describing Words,The golden necklace was very expensive. Choose the correct adjective.,golden,necklace,expensive,very,golden,MCQ,Part of Speech
FENG309,31,Describing Words,The famous actor visited our town yesterday. Choose the correct adjective.,actor,famous,visited,yesterday,famous,MCQ,Part of Speech
FENG310,31,Describing Words,The weak patient needed immediate treatment. Choose the correct adjective.,treatment,patient,needed,weak,weak,MCQ,Part of Speech
FENG311,32,Action Words,I _____ the bus because I was late. (Verb),ate,jumped,missed,rushed,missed,MCQ,Part of Speech
FENG312,32,Action Words,She _____ her homework before dinner. (Verb),completed,painted,danced,slept,completed,MCQ,Part of Speech
FENG313,32,Action Words,They _____ football in the field yesterday. (Verb),played,washed,opened,cooked,played,MCQ,Part of Speech
FENG314,32,Action Words,We _____ to the zoo last Sunday. (Verb),drank,sang,walked,repaired,walked,MCQ,Part of Speech
FENG315,32,Action Words,He _____ a glass of water after running. (Verb),kicked,watched,closed,drank,drank,MCQ,Part of Speech
FENG316,32,Action Words,The baby _____ loudly at night. (Verb),fixed,cried,jumped,built,cried,MCQ,Part of Speech
FENG317,32,Action Words,My father _____ a new car last year. (Verb),bought,climbed,threw,painted,bought,MCQ,Part of Speech
FENG318,32,Action Words,The teacher _____ the lesson clearly. (Verb),chased,explained,washed,borrowed,explained,MCQ,Part of Speech
FENG319,32,Action Words,I _____ my friend at the market yesterday. (Verb),met,pushed,cleaned,opened,met,MCQ,Part of Speech
FENG320,32,Action Words,She _____ the flowers every morning. (Verb),breaks,tears,cuts,waters,waters,MCQ,Part of Speech
FENG321,33,Action Words,The dog _____ after the cat. (Verb),smiled,cooked,ran,slept,ran,MCQ,Part of Speech
FENG322,33,Action Words,We _____ a movie together last night. (Verb),repaired,planted,watched,mixed,watched,MCQ,Part of Speech
FENG323,33,Action Words,He _____ the door carefully. (Verb),kicked,opened,climbed,folded,opened,MCQ,Part of Speech
FENG324,33,Action Words,They _____ the classroom before leaving. (Verb),borrowed,chased,cleaned,painted,cleaned,MCQ,Part of Speech
FENG325,33,Action Words,I _____ my keys on the table. (Verb),shouted,drew,climbed,kept,kept,MCQ,Part of Speech
FENG326,33,Action Words,The boys _____ in the river during summer. (Verb),built,fixed,carried,swam,swam,MCQ,Part of Speech
FENG327,33,Action Words,She _____ a beautiful song at the event. (Verb),jumped,washed,sang,pushed,sang,MCQ,Part of Speech
FENG328,33,Action Words,We _____ our grandparents during Eid vacation. (Verb),borrowed,visited,painted,repaired,visited,MCQ,Part of Speech
FENG329,33,Action Words,He _____ the heavy box upstairs. (Verb),slept,smiled,carried,floated,carried,MCQ,Part of Speech
FENG330,33,Action Words,The students _____ quietly in the library. (Verb),studied,climbed,shouted,chased,studied,MCQ,Part of Speech
FENG331,34,Action Words,I _____ an interesting storybook yesterday. (Verb),read,opened,repaired,pushed,read,MCQ,Part of Speech
FENG332,34,Action Words,Mother _____ delicious biryani for lunch. (Verb),cooked,climbed,washed,chased,cooked,MCQ,Part of Speech
FENG333,34,Action Words,The bird _____ high in the sky. (Verb),flew,crawled,folded,repaired,flew,MCQ,Part of Speech
FENG334,34,Action Words,We _____ the match with great excitement. (Verb),enjoyed,mixed,planted,borrowed,enjoyed,MCQ,Part of Speech
FENG335,34,Action Words,He _____ his bicycle very fast. (Verb),rode,slept,smiled,painted,rode,MCQ,Part of Speech
FENG336,34,Action Words,The children _____ happily in the playground. (Verb),painted,laughed,repaired,folded,laughed,MCQ,Part of Speech
FENG337,34,Action Words,I _____ my old teacher at the shopping mall. (Verb),cooked,saw,planted,climbed,saw,MCQ,Part of Speech
FENG338,34,Action Words,She _____ the answer correctly in class. (Verb),answered,washed,floated,borrowed,answered,MCQ,Part of Speech
FENG339,34,Action Words,They _____ trees beside the road last year. (Verb),planted,repaired,pushed,shouted,planted,MCQ,Part of Speech
FENG340,34,Action Words,He _____ his hands before eating. (Verb),carried,mixed,washed,kicked,washed,MCQ,Part of Speech
FENG341,35,Action Words,We _____ tea together in the evening. (Verb),drank,painted,climbed,fixed,drank,MCQ,Part of Speech
FENG342,35,Action Words,The cat _____ under the table quietly. (Verb),borrowed,slept,repaired,opened,slept,MCQ,Part of Speech
FENG343,35,Action Words,She _____ a letter to her cousin yesterday. (Verb),wrote,folded,pushed,climbed,wrote,MCQ,Part of Speech
FENG344,35,Action Words,The boy _____ the ball very hard. (Verb),washed,planted,repaired,kicked,kicked,MCQ,Part of Speech
FENG345,35,Action Words,I _____ my bag near the window. (Verb),mixed,placed,floated,chased,placed,MCQ,Part of Speech
FENG346,35,Action Words,They _____ the problem very quickly. (Verb),climbed,painted,solved,shouted,solved,MCQ,Part of Speech
FENG347,35,Action Words,He _____ his little sister to school. (Verb),borrowed,repaired,accompanied,folded,accompanied,MCQ,Part of Speech
FENG348,35,Action Words,The farmer _____ rice in the field. (Verb),washes,fixes,climbs,grows,grows,MCQ,Part of Speech
FENG349,35,Action Words,We _____ the picnic very much. (Verb),carried,planted,pushed,enjoyed,enjoyed,MCQ,Part of Speech
FENG350,35,Action Words,She _____ the candle with a match. (Verb),borrowed,floated,painted,lit,lit,MCQ,Part of Speech
FENG351,36,Action Words,The students _____ the national anthem together. (Verb),repaired,sang,folded,chased,sang,MCQ,Part of Speech
FENG352,36,Action Words,I _____ the window because it was hot. (Verb),opened,planted,climbed,mixed,opened,MCQ,Part of Speech
FENG353,36,Action Words,He _____ all the questions in the exam. (Verb),floated,attempted,repaired,shouted,attempted,MCQ,Part of Speech
FENG354,36,Action Words,The girls _____ colorful pictures in art class. (Verb),borrowed,climbed,drew,fixed,drew,MCQ,Part of Speech
FENG355,36,Action Words,We _____ our lunch under the big tree. (Verb),ate,painted,folded,repaired,ate,MCQ,Part of Speech
FENG356,36,Action Words,She _____ the baby gently to sleep. (Verb),chased,washed,rocked,planted,rocked,MCQ,Part of Speech
FENG357,36,Action Words,The train _____ at the station on time. (Verb),floated,arrived,repaired,climbed,arrived,MCQ,Part of Speech
FENG358,36,Action Words,I _____ my phone charger from my friend. (Verb),borrowed,painted,kicked,mixed,borrowed,MCQ,Part of Speech
FENG359,36,Action Words,They _____ the floor after the party. (Verb),folded,shouted,climbed,swept,swept,MCQ,Part of Speech
FENG360,36,Action Words,He _____ the truth without fear. (Verb),spoke,floated,repaired,planted,spoke,MCQ,Part of Speech
FENG361,37,Action Words,The doctor treats patients with proper care. Choose the correct verb.,doctor,patients,proper,treats,treats,MCQ,Part of Speech
FENG362,37,Action Words,My brother plays cricket every afternoon. Choose the correct verb.,afternoon,brother,cricket,plays,plays,MCQ,Part of Speech
FENG363,37,Action Words,The teacher explains the lesson clearly. Choose the correct verb.,clearly,teacher,lesson,explains,explains,MCQ,Part of Speech
FENG364,37,Action Words,Birds fly in the blue sky. Choose the correct verb.,fly,sky,blue,birds,fly,MCQ,Part of Speech
FENG365,37,Action Words,The baby cries loudly at night. Choose the correct verb.,cries,night,loudly,baby,cries,MCQ,Part of Speech
FENG366,37,Action Words,Mother cooks delicious food for us. Choose the correct verb.,delicious,food,mother,cooks,cooks,MCQ,Part of Speech
FENG367,37,Action Words,The boy opened the window quickly. Choose the correct verb.,window,boy,quickly,opened,opened,MCQ,Part of Speech
FENG368,37,Action Words,Farmers grow rice in the village. Choose the correct verb.,rice,farmers,grow,village,grow,MCQ,Part of Speech
FENG369,37,Action Words,She writes beautiful stories in her notebook. Choose the correct verb.,notebook,stories,writes,beautiful,writes,MCQ,Part of Speech
FENG370,37,Action Words,The dog chased the cat yesterday. Choose the correct verb.,cat,yesterday,dog,chased,chased,MCQ,Part of Speech
FENG371,38,Action Words,We watched a movie last night. Choose the correct verb.,night,movie,watched,last,watched,MCQ,Part of Speech
FENG372,38,Action Words,The student answered the question correctly. Choose the correct verb.,student,question,correctly,answered,answered,MCQ,Part of Speech
FENG373,38,Action Words,Father drives carefully on busy roads. Choose the correct verb.,father,busy,drives,roads,drives,MCQ,Part of Speech
FENG374,38,Action Words,The children laughed at the funny clown. Choose the correct verb.,children,funny,laughed,clown,laughed,MCQ,Part of Speech
FENG375,38,Action Words,My friend borrowed my pencil yesterday. Choose the correct verb.,pencil,friend,yesterday,borrowed,borrowed,MCQ,Part of Speech
FENG376,38,Action Words,The train arrived at the station late. Choose the correct verb.,arrived,late,station,train,arrived,MCQ,Part of Speech
FENG377,38,Action Words,The girls danced beautifully on the stage. Choose the correct verb.,stage,girls,beautifully,danced,danced,MCQ,Part of Speech
FENG378,38,Action Words,He repaired the broken chair himself. Choose the correct verb.,broken,repaired,himself,chair,repaired,MCQ,Part of Speech
FENG379,38,Action Words,The cat slept under the table quietly. Choose the correct verb.,cat,table,slept,quietly,slept,MCQ,Part of Speech
FENG380,38,Action Words,Students study hard before exams. Choose the correct verb.,exams,students,hard,study,study,MCQ,Part of Speech
FENG381,39,Action Words,The bird built a nest in the tree. Choose the correct verb.,bird,nest,built,tree,built,MCQ,Part of Speech
FENG382,39,Action Words,My uncle bought a new bicycle yesterday. Choose the correct verb.,yesterday,bicycle,uncle,bought,bought,MCQ,Part of Speech
FENG383,39,Action Words,The chef prepared tasty soup for dinner. Choose the correct verb.,chef,tasty,prepared,dinner,prepared,MCQ,Part of Speech
FENG384,39,Action Words,The players practiced regularly before the match. Choose the correct verb.,regularly,players,match,practiced,practiced,MCQ,Part of Speech
FENG385,39,Action Words,She carried the heavy bag upstairs. Choose the correct verb.,bag,carried,upstairs,heavy,carried,MCQ,Part of Speech
FENG386,39,Action Words,The mechanic fixed the car carefully. Choose the correct verb.,car,fixed,mechanic,carefully,fixed,MCQ,Part of Speech
FENG387,39,Action Words,The baby smiled at her mother happily. Choose the correct verb.,smiled,baby,happily,mother,smiled,MCQ,Part of Speech
FENG388,39,Action Words,The boys climbed the tall tree quickly. Choose the correct verb.,tree,climbed,boys,tall,climbed,MCQ,Part of Speech
FENG389,39,Action Words,My sister painted a beautiful picture yesterday. Choose the correct verb.,beautiful,picture,sister,painted,painted,MCQ,Part of Speech
FENG390,39,Action Words,The teacher checked our homework in class. Choose the correct verb.,class,teacher,checked,homework,checked,MCQ,Part of Speech
FENG391,40,Action Words,The lion roared loudly in the jungle. Choose the correct verb.,roared,jungle,loudly,lion,roared,MCQ,Part of Speech
FENG392,40,Action Words,The students listened to the story carefully. Choose the correct verb.,listened,carefully,students,story,listened,MCQ,Part of Speech
FENG393,40,Action Words,Father cleaned the garage on Sunday. Choose the correct verb.,cleaned,father,garage,Sunday,cleaned,MCQ,Part of Speech
FENG394,40,Action Words,The fisherman caught a big fish today. Choose the correct verb.,fish,caught,fisherman,big,caught,MCQ,Part of Speech
FENG395,40,Action Words,My cousin visited us during the holidays. Choose the correct verb. Choose the correct verb.,holidays,visited,cousin,us,visited,MCQ,Part of Speech
FENG396,40,Action Words,The child dropped the glass accidentally. Choose the correct verb.,accidentally,child,glass,dropped,dropped,MCQ,Part of Speech
FENG397,40,Action Words,The birds chirped sweetly in the morning. Choose the correct verb.,birds,morning,sweetly,chirped,chirped,MCQ,Part of Speech
FENG398,40,Action Words,The shopkeeper counted the money twice. Choose the correct verb.,shopkeeper,counted,twice,money,counted,MCQ,Part of Speech
FENG399,40,Action Words,The players celebrated their victory joyfully. Choose the correct verb.,players,joyfully,celebrated,victory,celebrated,MCQ,Part of Speech
FENG400,40,Action Words,My grandfather told interesting stories at night. Choose the correct verb.,grandfather,stories,night,told,told,MCQ,Part of Speech
FENG401,41,Action Words,The girl folded her clothes neatly. Choose the correct verb.,clothes,folded,neatly,girl,folded,MCQ,Part of Speech
FENG402,41,Action Words,The driver stopped the bus near the market. Choose the correct verb.,driver,bus,stopped,market,stopped,MCQ,Part of Speech
FENG403,41,Action Words,The students copied the notes from the board. Choose the correct verb.,notes,copied,board,students,copied,MCQ,Part of Speech
FENG404,41,Action Words,The waiter served food to the guests politely. Choose the correct verb.,guests,politely,served,waiter,served,MCQ,Part of Speech
FENG405,41,Action Words,The boy threw the ball over the fence. Choose the correct verb.,ball,fence,threw,boy,threw,MCQ,Part of Speech
FENG406,41,Action Words,My aunt baked a cake for my birthday. Choose the correct verb.,cake,aunt,birthday,baked,baked,MCQ,Part of Speech
FENG407,41,Action Words,The policeman controlled the traffic efficiently. Choose the correct verb.,controlled,traffic,policeman,efficiently,controlled,MCQ,Part of Speech
FENG408,41,Action Words,The artist sketched the scenery beautifully. Choose the correct verb.,beautifully,scenery,sketched,artist,sketched,MCQ,Part of Speech
FENG409,41,Action Words,The little girl hugged her teddy bear tightly. Choose the correct verb.,girl,teddy bear,tightly,hugged,hugged,MCQ,Part of Speech
FENG410,41,Action Words,The students completed the project before deadline. Choose the correct verb.,completed,project,deadline,students,completed,MCQ,Part of Speech
FENG411,42,Preposition,The book is ___ the table.,under,in,between,on,on,MCQ,Part of Speech
FENG412,42,Preposition,The cat is ___ the chair.,on,into,under,at,under,MCQ,Part of Speech
FENG413,42,Preposition,We go to school ___ morning.,at,on,in,by,in,MCQ,Part of Speech
FENG414,42,Preposition,The picture is ___ the wall.,under,in,between,on,on,MCQ,Part of Speech
FENG415,42,Preposition,I live ___ Dhaka.,on,at,in,by,in,MCQ,Part of Speech
FENG416,42,Preposition,The ball is ___ the box.,between,in,over,on,in,MCQ,Part of Speech
FENG417,42,Preposition,We eat dinner ___ night.,in,from,at,on,at,MCQ,Part of Speech
FENG418,42,Preposition,The dog ran ___ the road.,under,between,across,inside,across,MCQ,Part of Speech
FENG419,42,Preposition,She is sitting ___ me and Rina.,at,between,on,under,between,MCQ,Part of Speech
FENG420,42,Preposition,The bird is flying ___ the tree.,at,in,over,under,over,MCQ,Part of Speech
FENG421,43,Preposition,He came ___ Monday.,at,in,on,by,on,MCQ,Part of Speech
FENG422,43,Preposition,The pen is ___ the bag.,inside,above,between,on,inside,MCQ,Part of Speech
FENG423,43,Preposition,The school is ___ the bank.,next to,under,over,in,next to,MCQ,Part of Speech
FENG424,43,Preposition,We swim ___ the river.,on,over,at,in,in,MCQ,Part of Speech
FENG425,43,Preposition,The lamp is ___ the table.,under,above,from,in,above,MCQ,Part of Speech
FENG426,43,Preposition,I was born ___ 2015.,at,by,on,in,in,MCQ,Part of Speech
FENG427,43,Preposition,The child hid ___ the bed.,at,under,between,on,under,MCQ,Part of Speech
FENG428,43,Preposition,He stood ___ the door.,under,at,on,in,at,MCQ,Part of Speech
FENG429,43,Preposition,The train goes ___ the tunnel.,between,over,through,at,through,MCQ,Part of Speech
FENG430,43,Preposition,The shoes are ___ the bed.,under,on,in,between,under,MCQ,Part of Speech
FENG431,44,Preposition,The children are working ___ the classroom.,on,under,in,over,in,MCQ,Part of Speech
FENG432,44,Preposition,____ the fishbowl he has two fish.,inside,on,over,above,inside,MCQ,Part of Speech
FENG433,44,Preposition,____ the desk they have a plant.,over,inside,on,beside,on,MCQ,Part of Speech
FENG434,44,Preposition,The boy is sitting ____  the girl.,over,below,on,near,near,MCQ,Part of Speech
FENG435,44,Preposition,____ the table is a backpack.,among,on,inside,under,under,MCQ,Part of Speech
FENG436,44,Preposition,The globe is ___ the fish tank.,beside,on,under,over,over,MCQ,Part of Speech
FENG437,44,Preposition,The drawing of a butterfly is ____ the calendar.,over,below,under,beside,below,MCQ,Part of Speech
FENG438,44,Preposition,The calendar is ____ a picture of a butterfly.,under,below,above,over,above,MCQ,Part of Speech
FENG439,44,Preposition,Children are studying _____ the backpack.,on,above,around,below,around,MCQ,Part of Speech
FENG440,44,Preposition,You can see a house _____ the window.,between,above,through,under,through,MCQ,Part of Speech
FENG441,45,Preposition,"A window is ____ the boy.""",in front of,behind,under,over,behind,MCQ,Part of Speech
FENG442,45,Preposition,A girl is sitting ____ the boy.,over,under,in front of,behind,in front of,MCQ,Part of Speech
FENG443,45,Preposition,The pen is ____ the scissors.,behind,on,over,next to,next to,MCQ,Part of Speech
FENG444,45,Preposition,There's a bat ____ the bed.,beside,on,over,in,on,MCQ,Part of Speech
FENG445,45,Preposition,There's a doll ___ the coffee table.,under,in,on,over,under,MCQ,Part of Speech
FENG446,45,Preposition,There's a ball __ the box.,beside,on,in,under,in,MCQ,Part of Speech
FENG447,45,Preposition,The bookcase is ___ the desk and the bed.,beside,below,between,behind,between,MCQ,Part of Speech
FENG448,45,Preposition,There's a desk ___ the chair.,behind,below,beside,between,behind,MCQ,Part of Speech
FENG449,45,Preposition,There's a bed ____ the bookcase.,below,beside,between,behind,beside,MCQ,Part of Speech
FENG450,45,Preposition,There are books ___ the bookcase.,over,in,beside,on,in,MCQ,Part of Speech
FENG451,46,Preposition,The green book is ___ the table lamp.,between,beside,behind,below,bellow,MCQ,Part of Speech
FENG452,46,Preposition,The watch is ___ the chair.,under,among,inside,on,under,MCQ,Part of Speech
FENG453,46,Preposition,The cap is ___ the bat.,beside,below,behind,between,beside,MCQ,Part of Speech
FENG454,46,Preposition,The lamp is ___ the sofa.,beside,under,in front of,on ,beside,MCQ,Part of Speech
FENG455,46,Preposition,The pen is ____ the table.,in front of,on,under,beside,on,MCQ,Part of Speech
FENG456,46,Preposition,The rug is ____ the table.,on,under,in,beside,under,MCQ,Part of Speech
FENG457,46,Preposition,The newspaper is ___ the table.,beside,over,in,on,on,MCQ,Part of Speech
FENG458,46,Preposition,The CD player is ____ the table.,in,on,among,between,on,MCQ,Part of Speech
FENG459,46,Preposition,The window is ____  the curtain.,among,behind,on,between,behind,MCQ,Part of Speech
FENG460,46,Preposition,The curtain is ____ the window.,among,behind,in,in front of,in front of,MCQ,Part of Speech
FENG461,47,Vocabulary 2,The elephant is big but the ant is ______.,,,,,small,FillBlank,Vocabulary
FENG462,47,Vocabulary 2,The giraffe is tall and the rabbit is ______.,,,,,short,FillBlank,Vocabulary
FENG463,47,Vocabulary 2,The soup is hot but the ice cream is ______.,,,,,cold,FillBlank,Vocabulary
FENG464,47,Vocabulary 2,The box is heavy but the feather is ______.,,,,,light,FillBlank,Vocabulary
FENG465,47,Vocabulary 2,The road is wide but the path is ______.,,,,,narrow,FillBlank,Vocabulary
FENG466,47,Vocabulary 2,The lion is strong but the kitten is ______.,,,,,weak,FillBlank,Vocabulary
FENG467,47,Vocabulary 2,The mountain is high but the valley is ______.,,,,,low,FillBlank,Vocabulary
FENG468,47,Vocabulary 2,The old man walks slowly but the young boy walks ______.,,,,,fast,FillBlank,Vocabulary
FENG469,47,Vocabulary 2,The classroom is clean but the garage is ______.,,,,,dirty,FillBlank,Vocabulary
FENG470,47,Vocabulary 2,The king was rich but the beggar was ______.,,,,,poor,FillBlank,Vocabulary
FENG471,48,Vocabulary 2,The bag is full but the bottle is ______.,,,,,empty,FillBlank,Vocabulary
FENG472,48,Vocabulary 2,The exam was easy but the puzzle was ______.,,,,,difficult,FillBlank,Vocabulary
FENG473,48,Vocabulary 2,The tiger is wild but the cow is ______.,,,,,tame,FillBlank,Vocabulary
FENG474,48,Vocabulary 2,The water is deep but the puddle is ______.,,,,,shallow,FillBlank,Vocabulary
FENG475,48,Vocabulary 2,The movie was interesting but the lecture was ______.,,,,,boring,FillBlank,Vocabulary
FENG476,48,Vocabulary 2,The glass is hard but the pillow is ______.,,,,,soft,FillBlank,Vocabulary
FENG477,48,Vocabulary 2,The room is bright but the basement is ______.,,,,,dark,FillBlank,Vocabulary
FENG478,48,Vocabulary 2,The train arrived early but the bus arrived ______.,,,,,late,FillBlank,Vocabulary
FENG479,48,Vocabulary 2,The tree is alive but the fallen leaf is ______.,,,,,dead,FillBlank,Vocabulary
FENG480,48,Vocabulary 2,The market is crowded but the village road is ______.,,,,,empty,FillBlank,Vocabulary
FENG481,49,Vocabulary 2,The rope is tight but the knot is ______.,,,,,loose,FillBlank,Vocabulary
FENG482,49,Vocabulary 2,The boy was happy but the girl was ______.,,,,,sad,FillBlank,Vocabulary
FENG483,49,Vocabulary 2,The question was simple but the answer was ______.,,,,,complex,FillBlank,Vocabulary
FENG484,49,Vocabulary 2,The summer day is long but the winter day is ______.,,,,,short,FillBlank,Vocabulary
FENG485,49,Vocabulary 2,The mountain is high but the valley is ______.,,,,,low,FillBlank,Vocabulary
FENG486,49,Vocabulary 2,The soup is hot but the ice cream is ______.,,,,,cold,FillBlank,Vocabulary
FENG487,49,Vocabulary 2,The car is fast but the bicycle is ______.,,,,,slow,FillBlank,Vocabulary
FENG488,49,Vocabulary 2,The box is heavy but the feather is ______.,,,,,light,FillBlank,Vocabulary
FENG489,49,Vocabulary 2,The story is old but the movie is ______.,,,,,new,FillBlank,Vocabulary
FENG490,49,Vocabulary 2,The mountain is high but the valley is ______.,,,,,low,FillBlank,Vocabulary
FENG491,50,Articles,_____ eye.,a,an,,,an,MCQ,Article
FENG492,50,Articles,_____ pet.,a,an,,,a,MCQ,Article
FENG493,50,Articles,_____ book.,a,an,,,a,MCQ,Article
FENG494,50,Articles,_____ orange.,a,an,,,an,MCQ,Article
FENG495,50,Articles,_____ boat.,a,an,,,a,MCQ,Article
FENG496,50,Articles,_____ apple.,a,an,,,an,MCQ,Article
FENG497,50,Articles,_____ ear.,a,an,,,an,MCQ,Article
FENG498,50,Articles,_____ horse.,a,an,,,a,MCQ,Article
FENG499,50,Articles,_____ lion.,a,an,,,a,MCQ,Article
FENG500,50,Articles,_____ onion.,a,an,,,an,MCQ,Article
FENG501,51,Articles,_____ goat.,a,an,,,a,MCQ,Article
FENG502,51,Articles,_____ mango.,a,an,,,a,MCQ,Article
FENG503,51,Articles,_____ flower. ,a,an,,,a,MCQ,Article
FENG504,51,Articles,_____ tree. ,a,an,,,a,MCQ,Article
FENG505,51,Articles,_____ umbrella. ,a,an,,,an,MCQ,Article
FENG506,51,Articles,_____ teacher. ,a,an,,,a,MCQ,Article
FENG507,51,Articles,_____ bag. ,a,an,,,a,MCQ,Article
FENG508,51,Articles,_____ elephant. ,a,an,,,an,MCQ,Article
FENG509,51,Articles,_____ egg. ,a,an,,,an,MCQ,Article
FENG510,51,Articles,_____ animal. ,a,an,,,an,MCQ,Article
FENG511,52,Articles,_____ lamp. ,a,an,,,a,MCQ,Article
FENG512,52,Articles,_____ ant. ,a,an,,,an,MCQ,Article
FENG513,52,Articles,_____ ice cream. ,a,an,,,an,MCQ,Article
FENG514,52,Articles,Tanvir has _____ toy car. ,a,an,,,a,MCQ,Article
FENG515,52,Articles,Harry has _____ owl for a pet. ,a,an,,,an,MCQ,Article
FENG516,52,Articles,_____ dog and a cat can become good friends. ,a,an,,,a,MCQ,Article
FENG517,52,Articles,Harry has an owl for ____ pet. ,a,an,,,a,MCQ,Article
FENG518,52,Articles,A dog and _____ cat can become good friends. ,a,an,,,a,MCQ,Article
FENG519,52,Articles,The hen laid  _____ egg this morning. ,a,an,,,an,MCQ,Article
FENG520,52,Articles,Please give me _____ apple and a banana. ,a,an,,,an,MCQ,Article
FENG521,53,Articles,Tom gave me _____ book. ,a,an,,,a,MCQ,Article
FENG522,53,Articles,Please give me an apple and _____ banana. ,a,an,,,a,MCQ,Article
FENG523,53,Articles,_____ elephant is an animal and so is a zebra. ,a,an,,,an,MCQ,Article
FENG524,53,Articles,Father took _____ umbrella with him when he went out. ,a,an,,,an,MCQ,Article
FENG525,53,Articles,An elephant is an animal and so is _____ zebra. ,a,an,,,a,MCQ,Article
FENG526,53,Articles,An elephant is an animal and so is _____ zebra. ,a,an,,,a,MCQ,Article
FENG527,53,Articles,I can see _____ blue kite in the sky. ,a,an,,,a,MCQ,Article
FENG528,53,Articles,Father took _____ black umbrella with him when he went out. ,a,an,,,a,MCQ,Article
FENG529,53,Articles,Father took _____ old umbrella with him when he went out. ,a,an,,,an,MCQ,Article
FENG530,53,Articles,A dog and _____ cat can become good friends. ,a,an,,,a,MCQ,Article
FENG531,54,Articles,Please give me _____ egg and a banana. ,a,an,,,an,MCQ,Article
FENG532,54,Articles,An elephant is ____ animal and so is a zebra. ,a,an,,,an,MCQ,Article
FENG533,54,Articles,There is _____ boat on the river. ,a,an,,,a,MCQ,Article
FENG534,54,Articles,I saw ______ elephant at the zoo. ,a,an,the,,an,MCQ,Articles
FENG535,54,Articles,She is reading ______ interesting book. ,a,an,the,,an,MCQ,Articles
FENG536,54,Articles,He bought ______ new car yesterday. ,a,an,the,,a,MCQ,Articles
FENG537,54,Articles,We visited ______ Taj Mahal during our trip. ,a,an,the,,the,MCQ,Articles
FENG538,54,Articles,My father is ______ engineer. ,a,an,the,,an,MCQ,Articles
FENG539,54,Articles,She wants to become ______ doctor. ,a,an,the,,a,MCQ,Articles
FENG540,54,Articles,______ sun rises in the east. ,a,an,the,,the,MCQ,Articles
FENG541,55,Articles,He ate ______ apple after lunch. ,a,an,the,,an,MCQ,Articles
FENG542,55,Articles,I need ______ pen to write this letter. ,a,an,the,,a,MCQ,Articles
FENG543,55,Articles,They crossed ______ river by boat. ,a,an,the,,the,MCQ,Articles
FENG544,55,Articles,She found ______ old coin in the garden. ,a,an,the,,an,MCQ,Articles
FENG545,55,Articles,He lives in ______ small village. ,a,an,the,,a,MCQ,Articles
FENG546,55,Articles,______ Earth revolves around the Sun. ,a,an,the,,the,MCQ,Articles
FENG547,55,Articles,She adopted ______ cute puppy. ,a,an,the,,a,MCQ,Articles
FENG548,55,Articles,My uncle is ______ honest man. ,a,an,the,,an,MCQ,Articles
FENG549,55,Articles,We watched ______ movie you recommended. ,a,an,the,,the,MCQ,Articles
FENG550,55,Articles,He is eating ______ orange. ,a,an,the,,an,MCQ,Articles
FENG551,56,Articles,I saw ______ bird sitting on the tree. ,a,an,the,,a,MCQ,Articles
FENG552,56,Articles,______ Pacific Ocean is the largest ocean. ,a,an,the,,the,MCQ,Articles
FENG553,56,Articles,She wore ______ beautiful dress to the party. ,a,an,the,,a,MCQ,Articles
FENG554,56,Articles,He gave me ______ useful suggestion. ,a,an,the,,a,MCQ,Articles
FENG555,56,Articles,We stayed at ______ hotel near the beach. ,a,an,the,,a,MCQ,Articles
FENG556,56,Articles,______ moon looks beautiful tonight. ,a,an,the,,the,MCQ,Articles
FENG557,56,Articles,She is ______ excellent teacher. ,a,an,the,,an,MCQ,Articles
FENG558,56,Articles,They visited ______ museum in the city center. ,a,an,the,,the,MCQ,Articles
FENG559,56,Articles,She bought ______  umbrella because it was raining.,a,an,the,,an,MCQ,Articles
FENG560,56,Articles,I saw ______  eagle flying over the mountain.,a,an,the,,an,MCQ,Articles
FENG561,57,Articles,He wants to be ______  astronaut when he grows up.,a,an,the,,an,MCQ,Articles
FENG562,57,Articles,We stayed in ______  apartment near the station.,a,an,the,,an,MCQ,Articles
FENG563,57,Articles,She is reading ______  book that I gave her.,a,an,the,,the,MCQ,Articles
FENG564,57,Articles,They visited ______  Eiffel Tower during their vacation.,a,an,the,,the,MCQ,Articles
FENG565,57,Articles,My brother has ______  bicycle.,a,an,the,,a,MCQ,Articles
FENG566,57,Articles,He ate ______  ice cream after dinner.,a,an,the,,an,MCQ,Articles
FENG567,57,Articles,______  Ganges is a famous river.,a,an,the,,the,MCQ,Articles
FENG568,57,Articles,She found ______  interesting article online.,a,an,the,,an,MCQ,Articles
FENG569,57,Articles,I need ______  ruler for my geometry class.,a,an,the,,a,MCQ,Articles
FENG570,57,Articles,He adopted ______  animal from the shelter.,a,an,the,,an,MCQ,Articles
FENG571,58,Articles,We visited ______  zoo in our city yesterday.,a,an,the,,the,MCQ,Articles
FENG572,58,Articles,She is ______  university student.,a,an,the,,a,MCQ,Articles
FENG573,58,Articles,My father bought ______  new laptop.,a,an,the,,a,MCQ,Articles
FENG574,58,Articles,______  Himalayas are the highest mountains in the world.,a,an,the,,the,MCQ,Articles
FENG575,58,Articles,He is waiting for ______  bus to arrive.,a,an,the,,the,MCQ,Articles
FENG576,58,Articles,She has ______  idea for the project.,a,an,the,,an,MCQ,Articles
FENG577,58,Articles,I saw ______  horse running across the field.,a,an,the,,a,MCQ,Articles
FENG578,58,Articles,They watched ______  match on television last night.,a,an,the,,the,MCQ,Articles
FENG579,58,Articles,He bought ______  orange from the market.,a,an,the,,an,MCQ,Articles
FENG580,58,Articles,We saw ______  rainbow after the rain.,a,an,the,,a,MCQ,Articles
FENG581,59,Articles,______  Moon revolves around the Earth.,a,an,the,,the,MCQ,Articles
FENG582,59,Articles,She is ______  honest employee.,a,an,the,,an,MCQ,Articles
FENG583,59,Articles,He carried ______  heavy bag up the stairs.,a,an,the,,a,MCQ,Articles
FENG584,59,Articles,She wants to buy ______  dress she saw yesterday.,a,an,the,,the,MCQ,Articles
FENG585,59,Articles,He is ______  excellent cricket player.,a,an,the,,an,MCQ,Articles
FENG586,59,Articles,I need ______  notebook for class.,a,an,the,,a,MCQ,Articles
FENG587,59,Articles,______  Amazon is the largest rainforest in the world.,a,an,the,,the,MCQ,Articles
FENG588,59,Articles,She adopted ______  kitten from the shelter.,a,an,the,,a,MCQ,Articles
FENG589,59,Articles,He saw ______  owl sitting on a branch.,a,an,the,,an,MCQ,Articles
FENG590,59,Articles,We visited ______  museum near our hotel.,a,an,the,,the,MCQ,Articles
FENG591,60,Articles,My sister is ______  architect.,a,an,the,,an,MCQ,Articles
FENG592,60,Articles,I bought ______  gift for my friend.,a,an,the,,a,MCQ,Articles
FENG593,60,Articles,______  Nile is the longest river in Africa.,a,an,the,,the,MCQ,Articles
FENG594,60,Articles,She gave me ______  useful book.,a,an,the,,a,MCQ,Articles
FENG595,60,Articles,He is eating ______  egg for breakfast.,a,an,the,,an,MCQ,Articles
FENG596,60,Articles,We watched ______  movie that won the award.,a,an,the,,the,MCQ,Articles
FENG597,60,Articles,There is ______  cat sleeping under the table.,a,an,the,,a,MCQ,Articles
FENG598,60,Articles,She has ______  unusual hobby.,a,an,the,,an,MCQ,Articles
FENG599,60,Articles,______  President will address the nation tonight.,a,an,the,,the,MCQ,Articles
FENG600,60,Articles,He bought ______  umbrella because it looked strong.,a,an,the,,an,MCQ,Articles
FENG601,61,Articles,I saw ______  deer in the forest.,a,an,the,,a,MCQ,Articles
FENG602,61,Articles,She is reading ______  novel her teacher recommended.,a,an,the,,the,MCQ,Articles
FENG603,61,Articles,My uncle owns ______  restaurant in the city.,a,an,the,,a,MCQ,Articles
FENG604,61,Articles,He met ______  European tourist at the station.,a,an,the,,a,MCQ,Articles
FENG605,61,Articles,______  Indian Ocean lies south of India.,a,an,the,,the,MCQ,Articles
FENG606,61,Articles,She wrote ______  essay about climate change.,a,an,the,,an,MCQ,Articles
FENG607,61,Articles,I need ______  chair to sit on.,a,an,the,,a,MCQ,Articles
FENG608,61,Articles,We visited ______  Red Fort during our trip to Delhi.,a,an,the,,the,MCQ,Articles
FENG609,61,Articles,She bought ______  orange from the market.,a,an,the,,an,MCQ,Articles
FENG610,61,Articles,We saw ______  moon shining brightly.,a,an,the,,the,MCQ,Articles
FENG611,62,Fill in the Blank : Pronoun,My parrot likes to sing. ______ sings beautifully.,,,,,It,FillBlank,Part of Speech
FENG612,62,Fill in the Blank : Pronoun,The lion and the tiger are sleeping. ______ are tired.,,,,,They,FillBlank,Part of Speech
FENG613,62,Fill in the Blank : Pronoun,Rina is my best friend. ______ helps me with my homework.,,,,,She,FillBlank,Part of Speech
FENG614,62,Fill in the Blank : Pronoun,John is a good football player. ______ plays very well.,,,,,He,FillBlank,Part of Speech
FENG615,62,Fill in the Blank : Pronoun,The books are on the table. ______ belong to the library.,,,,,They,FillBlank,Part of Speech
FENG616,62,Fill in the Blank : Pronoun,My brother and I went to the park. ______ had a great time.,,,,,We,FillBlank,Part of Speech
FENG617,62,Fill in the Blank : Pronoun,The dog is barking loudly. ______ wants some food.,,,,,It,FillBlank,Part of Speech
FENG618,62,Fill in the Blank : Pronoun,Sarah and Mina are classmates. ______ study together.,,,,,They,FillBlank,Part of Speech
FENG619,62,Fill in the Blank : Pronoun,I am learning Python. ______ enjoy coding very much.,,,,,I,FillBlank,Part of Speech
FENG620,62,Fill in the Blank : Pronoun,You have completed the project. ______ did a great job.,,,,,You,FillBlank,Part of Speech
FENG621,63,Fill in the Blank : Pronoun,The flowers are blooming. ______ look beautiful.,,,,,They,FillBlank,Part of Speech
FENG622,63,Fill in the Blank : Pronoun,My father is a teacher. ______ teaches mathematics.,,,,,He,FillBlank,Part of Speech
FENG623,63,Fill in the Blank : Pronoun,The baby is sleeping peacefully. ______ is very quiet.,,,,,It,FillBlank,Part of Speech
FENG624,63,Fill in the Blank : Pronoun,My mother and aunt are cooking. ______ are preparing dinner.,,,,,They,FillBlank,Part of Speech
FENG625,63,Fill in the Blank : Pronoun,Tom has a new bicycle. ______ rides it every day.,,,,,He,FillBlank,Part of Speech
FENG626,63,Fill in the Blank : Pronoun,The cat is under the chair. ______ is hiding there.,,,,,It,FillBlank,Part of Speech
FENG627,63,Fill in the Blank : Pronoun,My friends invited me to the picnic. ______ are very kind.,,,,,They,FillBlank,Part of Speech
FENG628,63,Fill in the Blank : Pronoun,Lisa is reading a novel. ______ loves reading books.,,,,,She,FillBlank,Part of Speech
FENG629,63,Fill in the Blank : Pronoun,The students are taking an exam. ______ are very focused.,,,,,They,FillBlank,Part of Speech
FENG630,63,Fill in the Blank : Pronoun,David and I are working on a project. ______ will finish it soon.,,,,,We,FillBlank,Part of Speech
FENG631,64,Fill in the Blank : Pronoun,The bird is building a nest. ______ works hard every day.,,,,,It,FillBlank,Part of Speech
FENG632,64,Fill in the Blank : Pronoun,My uncle lives in Dhaka. ______ works in a bank.,,,,,He,FillBlank,Part of Speech
FENG633,64,Fill in the Blank : Pronoun,Emma is an excellent singer. ______ performs on stage often.,,,,,She,FillBlank,Part of Speech
FENG634,64,Fill in the Blank : Pronoun,The children are playing in the field. ______ are having fun.,,,,,They,FillBlank,Part of Speech
FENG635,64,Fill in the Blank : Pronoun,You and I are good friends. ______ help each other.,,,,,We,FillBlank,Part of Speech
FENG636,64,Fill in the Blank : Pronoun,The teacher entered the classroom. ______ greeted the students.,,,,,She,FillBlank,Part of Speech
FENG637,64,Fill in the Blank : Pronoun,My grandparents live in a village. ______ enjoy a peaceful life.,,,,,They,FillBlank,Part of Speech
FENG638,64,Fill in the Blank : Pronoun,The airplane is flying high in the sky. ______ will land soon.,,,,,It,FillBlank,Part of Speech
FENG639,64,Fill in the Blank : Pronoun,Jack and Peter play cricket every weekend. ______ are very talented.,,,,,They,FillBlank,Part of Speech
FENG640,64,Fill in the Blank : Pronoun,I have a pet rabbit. ______ loves eating carrots.,,,,,It,FillBlank,Part of Speech
FENG641,65,Fill in the Blank : Pronoun,Sophia is studying for her exam. ______ wants to get good grades.,,,,,She,FillBlank,Part of Speech
FENG642,65,Fill in the Blank : Pronoun,My brother and I went shopping. ______ bought some clothes.,,,,,We,FillBlank,Part of Speech
FENG643,65,Fill in the Blank : Pronoun,The computer is not working. ______ needs to be repaired.,,,,,It,FillBlank,Part of Speech
FENG644,65,Fill in the Blank : Pronoun,The boys are swimming in the river. ______ are enjoying the water.,,,,,They,FillBlank,Part of Speech
FENG645,65,Fill in the Blank : Pronoun,Mr. Hasan is our principal. ______ is very kind.,,,,,He,FillBlank,Part of Speech
FENG646,65,Fill in the Blank : Pronoun,The train arrived at the station. ______ was ten minutes late.,,,,,It,FillBlank,Part of Speech
FENG647,65,Fill in the Blank : Pronoun,My sister loves painting. ______ creates beautiful artwork.,,,,,She,FillBlank,Part of Speech
FENG648,65,Fill in the Blank : Pronoun,You have solved the problem correctly. ______ are very smart.,,,,,You,FillBlank,Part of Speech
FENG649,65,Fill in the Blank : Pronoun,The cows are grazing in the field. ______ look healthy.,,,,,They,FillBlank,Part of Speech
FENG650,65,Fill in the Blank : Pronoun,Daniel is reading a newspaper. ______ wants to know the latest news.,,,,,He,FillBlank,Part of Speech
FENG651,66,Fill in the Blank : Pronoun,The mobile phone is on the table. ______ belongs to my father.,,,,,It,FillBlank,Part of Speech
FENG652,66,Fill in the Blank : Pronoun,Mary and Anna are singing together. ______ sound wonderful.,,,,,They,FillBlank,Part of Speech
FENG653,66,Fill in the Blank : Pronoun,I am learning English grammar. ______ practice every day.,,,,,I,FillBlank,Part of Speech
FENG654,66,Fill in the Blank : Pronoun,The horse is running very fast. ______ is winning the race.,,,,,It,FillBlank,Part of Speech
FENG655,66,Fill in the Blank : Pronoun,My cousins came to visit us yesterday. ______ stayed for two days.,,,,,They,FillBlank,Part of Speech
FENG656,66,Fill in the Blank : Pronoun,The doctor checked the patient carefully. ______ prescribed some medicine.,,,,,He,FillBlank,Part of Speech
FENG657,66,Fill in the Blank : Pronoun,The lamp is very bright. ______ lights up the whole room.,,,,,It,FillBlank,Part of Speech
FENG658,66,Fill in the Blank : Pronoun,Emma and I are preparing for the competition. ______ hope to win.,,,,,We,FillBlank,Part of Speech
FENG659,66,Fill in the Blank : Pronoun,The monkey climbed the tree quickly. ______ was looking for fruit.,,,,,It,FillBlank,Part of Speech
FENG660,66,Fill in the Blank : Pronoun,The girls are practicing dance. ______ will perform tomorrow.,,,,,They,FillBlank,Part of Speech
FENG661,67,Fill in the Blank : Pronoun,The baby is crying loudly. ______ is hungry.,,,,,It,FillBlank,Part of Speech
FENG662,67,Fill in the Blank : Pronoun,My parents are watching television. ______ are relaxing after dinner.,,,,,They,FillBlank,Part of Speech
FENG663,67,Fill in the Blank : Pronoun,Ali is my neighbor. ______ helps everyone in the community.,,,,,He,FillBlank,Part of Speech
FENG664,67,Fill in the Blank : Pronoun,The birds are flying south for the winter. ______ travel long distances.,,,,,They,FillBlank,Part of Speech
FENG665,67,Fill in the Blank : Pronoun,The bicycle is new. ______ belongs to my brother.,,,,,It,FillBlank,Part of Speech
FENG666,67,Fill in the Blank : Pronoun,Sara is a talented artist. ______ paints beautiful pictures.,,,,,She,FillBlank,Part of Speech
FENG667,67,Fill in the Blank : Pronoun,You and your brother are very helpful. ______ always assist others.,,,,,You,FillBlank,Part of Speech
FENG668,67,Fill in the Blank : Pronoun,The children are reading storybooks. ______ enjoy fairy tales.,,,,,They,FillBlank,Part of Speech
FENG669,67,Fill in the Blank : Pronoun,My uncle is a farmer. ______ grows vegetables and fruits.,,,,,He,FillBlank,Part of Speech
FENG670,67,Fill in the Blank : Pronoun,The clock stopped working. ______ needs a new battery.,,,,,It,FillBlank,Part of Speech
FENG671,68,Fill in the Blank : Pronoun,Mina and I are classmates. ______ sit in the same row.,,,,,We,FillBlank,Part of Speech
FENG672,68,Fill in the Blank : Pronoun,The elephant is the largest land animal. ______ has a long trunk.,,,,,It,FillBlank,Part of Speech
FENG673,68,Fill in the Blank : Pronoun,My aunt teaches English. ______ works at a high school.,,,,,She,FillBlank,Part of Speech
FENG674,68,Fill in the Blank : Pronoun,The players are warming up before the match. ______ look excited.,,,,,They,FillBlank,Part of Speech
FENG675,68,Fill in the Blank : Pronoun,I enjoy solving puzzles. ______ find them interesting.,,,,,I,FillBlank,Part of Speech
FENG676,68,Fill in the Blank : Pronoun,The fish is swimming in the pond. ______ looks colorful.,,,,,It,FillBlank,Part of Speech
FENG677,68,Fill in the Blank : Pronoun,Rahim and Karim are brothers. ______ study in the same school.,,,,,They,FillBlank,Part of Speech
FENG678,68,Fill in the Blank : Pronoun,The driver parked the bus. ______ checked the engine afterward.,,,,,He,FillBlank,Part of Speech
FENG679,68,Fill in the Blank : Pronoun,The flowers in the garden are blooming. ______ smell wonderful.,,,,,They,FillBlank,Part of Speech
FENG680,68,Fill in the Blank : Pronoun,Nina is preparing breakfast. ______ woke up early this morning.,,,,,She,FillBlank,Part of Speech
FENG681,69,Fill in the Blank : Describing Words,The lion has a thick mane. (Find all Describing words),,,,,thick,FillBlank,Part of Speech
FENG682,69,Fill in the Blank : Describing Words,The huge elephant waved its trunk. (Find all Describing words),,,,,huge,FillBlank,Part of Speech
FENG683,69,Fill in the Blank : Describing Words,I wrote with a blunt pencil. (Find all Describing words),,,,,blunt,FillBlank,Part of Speech
FENG684,69,Fill in the Blank : Describing Words,Mother cuts vegetables with a sharp knife. (Find all Describing words),,,,,sharp,FillBlank,Part of Speech
FENG685,69,Fill in the Blank : Describing Words,The boy climbed up a tall tree. (Find all Describing words),,,,,tall,FillBlank,Part of Speech
FENG686,69,Fill in the Blank : Describing Words,Niti is a clever girl. (Find all Describing words),,,,,clever,FillBlank,Part of Speech
FENG687,69,Fill in the Blank : Describing Words,Amit is my best friend. (Find all Describing words),,,,,best,FillBlank,Part of Speech
FENG688,69,Fill in the Blank : Describing Words,The young man swam across the big lake. (Find all Describing words),,,,,big,FillBlank,Part of Speech
FENG689,69,Fill in the Blank : Describing Words,Lisa wore a pink dress. (Find all Describing words),,,,,pink,FillBlank,Part of Speech
FENG690,69,Fill in the Blank : Describing Words,Hasan sat on a low chair. (Find all Describing words),,,,,low,FillBlank,Part of Speech
FENG691,70,Fill in the Blank : Describing Words,There was a high wall all roung the garden. (Find all Describing words),,,,,high,FillBlank,Part of Speech
FENG692,70,Fill in the Blank : Describing Words,Adnan drives a red car. (Find all Describing words),,,,,red,FillBlank,Part of Speech
FENG693,70,Fill in the Blank : Describing Words,The big house stood on a hill. (Find all Describing words),,,,,big,FillBlank,Part of Speech
FENG694,70,Fill in the Blank : Describing Words,Robin had a bowl of hot soup. (Find all Describing words),,,,,hot,FillBlank,Part of Speech
FENG695,70,Fill in the Blank : Describing Words,The monkey is a clever animal. (Find all Describing words),,,,,clever,FillBlank,Part of Speech
FENG696,70,Fill in the Blank : Describing Words,Arman is a tall boy. (Find all Describing words),,,,,tall,FillBlank,Part of Speech
FENG697,70,Fill in the Blank : Describing Words,The little puppy licked Niti's hand. (Find all Describing words),,,,,little,FillBlank,Part of Speech
FENG698,70,Fill in the Blank : Describing Words,He dived into the cold water. (Find all Describing words),,,,,cold,FillBlank,Part of Speech
FENG699,70,Fill in the Blank : Describing Words,Mother cuts vegetables with a sharp knife. (Find all Describing words),,,,,sharp,FillBlank,Part of Speech
FENG700,70,Fill in the Blank : Describing Words,Adnan drives a red car. (Find all Describing words),,,,,red,FillBlank,Part of Speech
FENG701,71,Articles: Revision 1,_____ old man opened the door.,,,,,an,FillBlank,Article
FENG702,71,Articles: Revision 1,"Ruby put _____ open book on her lap, but she was not reading it.",,,,,an,FillBlank,Article
FENG703,71,Articles: Revision 1,The pig has ____ curly tail.,,,,,a,FillBlank,Article
FENG704,71,Articles: Revision 1,I saw ____ elephant at the zoo.,,,,,an,FillBlank,Article
FENG705,71,Articles: Revision 1,She found ____ coin on the road.,,,,,a,FillBlank,Article
FENG706,71,Articles: Revision 1,There is ____ umbrella near the door.,,,,,an,FillBlank,Article
FENG707,71,Articles: Revision 1,____ ant carried food to its nest.,,,,,an,FillBlank,Article
FENG708,71,Articles: Revision 1,Father drove ____ car to work.,,,,,a,FillBlank,Article
FENG709,71,Articles: Revision 1,We stayed in ____ hotel near the beach.,,,,,a,FillBlank,Article
FENG710,71,Articles: Revision 1,____ eagle flew high in the sky.,,,,,an,FillBlank,Article
FENG711,72,Articles: Revision 1,The farmer bought ____ ox for his field.,,,,,an,FillBlank,Article
FENG712,72,Articles: Revision 1,Rahul wants to become ____ engineer when he grows up.,,,,,an,FillBlank,Article
FENG713,72,Articles: Revision 1,I saw ____ apple on the table.,,,,,an,FillBlank,Article
FENG714,72,Articles: Revision 1,Rahul found ____ egg in the nest.,,,,,an,FillBlank,Article
FENG715,72,Articles: Revision 1,We bought ____ kite from the shop.,,,,,a,FillBlank,Article
FENG716,72,Articles: Revision 1,There was ____ elephant near the river.,,,,,an,FillBlank,Article
FENG717,72,Articles: Revision 1,Mother gave me ____ umbrella for the rain.,,,,,an,FillBlank,Article
FENG718,72,Articles: Revision 1,The boy kicked ____ ball across the field.,,,,,a,FillBlank,Article
FENG719,72,Articles: Revision 1,I ate ____ orange after dinner.,,,,,an,FillBlank,Article
FENG720,72,Articles: Revision 1,We saw ____ monkey in the tree.,,,,,a,FillBlank,Article
FENG721,73,Articles: Revision 1,He picked up ____ onion from the basket.,,,,,an,FillBlank,Article
FENG722,73,Articles: Revision 1,The farmer owns ____ cow.,,,,,a,FillBlank,Article
FENG723,73,Articles: Revision 1,She wrote with ____ ink pen.,,,,,an,FillBlank,Article
FENG724,73,Articles: Revision 1,They built ____ sandcastle on the beach.,,,,,a,FillBlank,Article
FENG725,73,Articles: Revision 1,I saw ____ eagle flying in the sky.,,,,,an,FillBlank,Article
FENG726,73,Articles: Revision 1,He carried ____ bag to school.,,,,,a,FillBlank,Article
FENG727,73,Articles: Revision 1,We planted ____ oak tree in the garden.,,,,,an,FillBlank,Article
FENG728,73,Articles: Revision 1,She found ____ doll under the bed.,,,,,a,FillBlank,Article
FENG729,73,Articles: Revision 1,There was ____ insect on the leaf.,,,,,an,FillBlank,Article
FENG730,73,Articles: Revision 1,The girl wore ____ hat at the picnic.,,,,,a,FillBlank,Article
FENG731,74,Articles: Revision 1,I saw ____ octopus in the aquarium.,,,,,an,FillBlank,Article
FENG732,74,Articles: Revision 1,He opened ____ book and started reading.,,,,,a,FillBlank,Article
FENG733,74,Articles: Revision 1,We heard ____ owl hooting at night.,,,,,an,FillBlank,Article
FENG734,74,Articles: Revision 1,She bought ____ toy for her brother.,,,,,a,FillBlank,Article
FENG735,74,Articles: Revision 1,There was ____ ant crawling on the wall.,,,,,an,FillBlank,Article
FENG736,74,Articles: Revision 1,We planted ____ oak tree in the garden.,,,,,an,FillBlank,Article
FENG737,74,Articles: Revision 1,He saw ____ eagle flying high in the sky.,,,,,an,FillBlank,Article
FENG738,74,Articles: Revision 1,She baked ____ cake for the party.,,,,,a,FillBlank,Article
FENG739,74,Articles: Revision 1,We visited ____ Taj Mahal last summer.,,,,,the,FillBlank,Article
FENG740,74,Articles: Revision 1,He bought ____ umbrella because it was raining.,,,,,an,FillBlank,Article
FENG741,75,Pronoun: Revision 1,Rina is my friend. _____ is very kind.,,,,,She,FillBlank,Part of Speech
FENG742,75,Pronoun: Revision 1,Karim has a bicycle. _____ rides it every day.,,,,,He,FillBlank,Part of Speech
FENG743,75,Pronoun: Revision 1,My cat is sleeping. _____ is under the table.,,,,,It,FillBlank,Part of Speech
FENG744,75,Pronoun: Revision 1,Ali and I are classmates. _____ study together.,,,,,We,FillBlank,Part of Speech
FENG745,75,Pronoun: Revision 1,Rupa and Sima are sisters. _____ play together.,,,,,They,FillBlank,Part of Speech
FENG746,75,Pronoun: Revision 1,_____ am going to school now.,,,,,I,FillBlank,Part of Speech
FENG747,75,Pronoun: Revision 1,Can _____ help me carry this bag? (talking to one friend),,,,,you,FillBlank,Part of Speech
FENG748,75,Pronoun: Revision 1,The dog is barking because _____ is hungry.,,,,,it,FillBlank,Part of Speech
FENG749,75,Pronoun: Revision 1,My parents are at home. _____ are watching TV.,,,,,They,FillBlank,Part of Speech
FENG750,75,Pronoun: Revision 1,Sara is reading a book. _____ likes reading.,,,,,She,FillBlank,Part of Speech
FENG751,76,Pronoun: Revision 1,"Replace the Naming Word: ""Tom is playing football."" ? _____ is playing football.",,,,,He,FillBlank,Part of Speech
FENG752,76,Pronoun: Revision 1,"Replace the Naming Word: ""The bird is flying."" ? _____ is flying.",,,,,It,FillBlank,Part of Speech
FENG753,76,Pronoun: Revision 1,"Replace the Naming Words: ""Rina and Mina are singing."" ? _____ are singing.",,,,,They,FillBlank,Part of Speech
FENG754,76,Pronoun: Revision 1,"Which word is a Pronoun? (cat, he, run, happy)",,,,,he,FillBlank,Part of Speech
FENG755,76,Pronoun: Revision 1,"Which word is a Pronoun? (book, they, jump, red)",,,,,they,FillBlank,Part of Speech
FENG756,76,Pronoun: Revision 1,_____ are my best friends. (talking about several boys),,,,,They,FillBlank,Part of Speech
FENG757,76,Pronoun: Revision 1,My brother is tall. _____ plays basketball.,,,,,He,FillBlank,Part of Speech
FENG758,76,Pronoun: Revision 1,Nila and I went to the zoo. _____ saw many animals.,,,,,We,FillBlank,Part of Speech
FENG759,76,Pronoun: Revision 1,_____ are a good student. (talking to one student),,,,,You,FillBlank,Part of Speech
FENG760,76,Pronoun: Revision 1,"Pick out the Pronoun: ""She is drawing a picture.""",,,,,She,FillBlank,Part of Speech
FENG761,77,Adverb,Which word is an Adverb?,quickly,beautiful,cat,run,quickly,MCQ,Part of Speech
FENG762,77,Adverb,Which word is an Adverb?,blue,jump,school,slowly,slowly,MCQ,Part of Speech
FENG763,77,Adverb,Which word is an Adverb?,loudly,happy,book,sing,loudly,MCQ,Part of Speech
FENG764,77,Adverb,Which word is an Adverb?,kindly,carefully,teacher,write,carefully,MCQ,Part of Speech
FENG765,77,Adverb,Which word is an Adverb?,play,car,neatly,green,neatly,MCQ,Part of Speech
FENG766,77,Adverb,The boy ran _________. (Adverb),happy,cat,quickly,quick,quickly,MCQ,Part of Speech
FENG767,77,Adverb,She spoke _________ in the library. (Adverb),carefully,loud,slowly,book,carefully,MCQ,Part of Speech
FENG768,77,Adverb,The students listened _________ to the teacher. (Adverb),kind,careful,carefully,teacher,carefully,MCQ,Part of Speech
FENG769,77,Adverb,The baby slept _________. (Adverb),sleep,peacefully,bed,peaceful,peacefully,MCQ,Part of Speech
FENG770,77,Adverb,He wrote his homework _________. (Adverb),school,neat,neatly,book,neatly,MCQ,Part of Speech
FENG771,78,Adverb,"Pick out the Adverb: ""The bird flew quickly.""",the,flew,quickly,bird,quickly,MCQ,Part of Speech
FENG772,78,Adverb,"Pick out the Adverb: ""She sang beautifully.""",she,sang,beautifully,song,beautifully,MCQ,Part of Speech
FENG773,78,Adverb,"Pick out the Adverb: ""The dog barked loudly.""",barked,loudly,the,dog,loudly,MCQ,Part of Speech
FENG774,78,Adverb,"Pick out the Adverb: ""They worked happily.""",worked,happily,work,they,happily,MCQ,Part of Speech
FENG775,78,Adverb,"Pick out the Adverb: ""He answered politely.""",politely,answer,he,answered,politely,MCQ,Part of Speech
FENG776,78,Adverb,An adverb tells us _________ an action happens.,when,what,where,how,how,MCQ,Part of Speech
FENG777,78,Adverb,Which word tells how the action is done?,teacher,cat,quickly,run,quickly,MCQ,Part of Speech
FENG778,78,Adverb,The rabbit hopped _________. (Adverb),quick,car,quickly,happy,quickly,MCQ,Part of Speech
FENG779,78,Adverb,The children played _________ in the park. (Adverb),happy,happily,park,game,happily,MCQ,Part of Speech
FENG780,78,Adverb,She completed the puzzle _________. (Adverb),easily,puzzle,easy,book,easily,MCQ,Part of Speech
FENG781,79,Adverb,Which word is NOT an Adverb?,neatly,carefully,slowly,beautiful,beautiful,MCQ,Part of Speech
FENG782,79,Adverb,Which word is NOT an Adverb?,happily,run,quickly,loudly,run,MCQ,Part of Speech
FENG783,79,Adverb,The turtle walked _________. (Adverb),slow,slowly,turtle,green,slowly,MCQ,Part of Speech
FENG784,79,Adverb,The girl smiled _________. (Adverb),sweet,sweetly,kind,girl,sweetly,MCQ,Part of Speech
FENG785,79,Adverb,An adverb often describes a _________. (Adverb),noun,pronoun,verb,conjunction,verb,MCQ,Part of Speech
FENG786,79,Adverb,Which word is an Adverb?,quietly,happy,book,run,quietly,MCQ,Part of Speech
FENG787,79,Adverb,Which word is an Adverb?,blue,school,jump,bravely,bravely,MCQ,Part of Speech
FENG788,79,Adverb,Which word is an Adverb?,green,play,safely,cat,safely,MCQ,Part of Speech
FENG789,79,Adverb,Which word is an Adverb?,write,eagerly,teacher,kind,eagerly,MCQ,Part of Speech
FENG790,79,Adverb,Which word is an Adverb?,car,red,gently,sing,gently,MCQ,Part of Speech
FENG791,80,Adverb,The baby cried _________. (Adverb),loud,baby,loudly,sleep,loudly,MCQ,Part of Speech
FENG792,80,Adverb,The girl crossed the road _________. (Adverb),safe,girl,road,safely,safely,MCQ,Part of Speech
FENG793,80,Adverb,He waited _________ for his turn. (Adverb),boy,patiently,game,patient,patiently,MCQ,Part of Speech
FENG794,80,Adverb,The students worked _________ during the test. (Adverb),quiet,quietly,test,school,quietly,MCQ,Part of Speech
FENG795,80,Adverb,She opened the gift _________. (Adverb),eagerly,eager,gift,box,eagerly,MCQ,Part of Speech
FENG796,80,Adverb,"Pick out the Adverb: ""The boy answered politely.""",the,answered,boy,politely,politely,MCQ,Part of Speech
FENG797,80,Adverb,"Pick out the Adverb: ""The horse ran swiftly.""",swiftly,ran,horse,the,swiftly,MCQ,Part of Speech
FENG798,80,Adverb,"Pick out the Adverb: ""She listened carefully.""",listened,she,carefully,book,carefully,MCQ,Part of Speech
FENG799,80,Adverb,"Pick out the Adverb: ""The baby slept soundly.""",soundly,slept,baby,the,soundly,MCQ,Part of Speech
FENG800,80,Adverb,"Pick out the Adverb: ""They cheered loudly.""",they,match,loudly,cheered,loudly,MCQ,Part of Speech
FENG801,81,Adverb,An adverb describes a _________.,verb,noun,pronoun,conjunction,verb,MCQ,Part of Speech
FENG802,81,Adverb,Which word tells how the action is done?,car,gently,run,teacher,gently,MCQ,Part of Speech
FENG803,81,Adverb,The bird landed _________ on the branch. (Adverb),gentle,gently,branch,tree,gently,MCQ,Part of Speech
FENG804,81,Adverb,The firefighters worked _________ to save the people. (Adverb),bravely,brave,firefighters,truck,bravely,MCQ,Part of Speech
FENG805,81,Adverb,She completed her drawing _________. (Adverb),neat,drawing,pencil,neatly,neatly,MCQ,Part of Speech
FENG806,81,Adverb,Which word is NOT an Adverb?,slowly,table,happily,quickly,table,MCQ,Part of Speech
FENG807,81,Adverb,Which word is NOT an Adverb?,carefully,quietly,book,safely,book,MCQ,Part of Speech
FENG808,81,Adverb,The puppy followed its owner _________. (Adverb),faithfully,puppy,faithful,dog,faithfully,MCQ,Part of Speech
FENG809,81,Adverb,The children laughed _________. (Adverb),joyful,game,joyfully,children,joyfully,MCQ,Part of Speech
FENG810,81,Adverb,"An adverb often answers the question ""_________ was it done?""",what,when,where,how,how,MCQ,Part of Speech
FENG811,82,Adverb,Which word is an Adverb?,apple,book,teacher,slowly,slowly,MCQ,Part of Speech
FENG812,82,Adverb,Which word is an Adverb?,green,jump,cat,carefully,carefully,MCQ,Part of Speech
FENG813,82,Adverb,Which word is an Adverb?,run,school,quietly,blue,quietly,MCQ,Part of Speech
FENG814,82,Adverb,Which word is an Adverb?,play,kind,happily,dog,happily,MCQ,Part of Speech
FENG815,82,Adverb,Which word is an Adverb?,write,car,softly,red,softly,MCQ,Part of Speech
FENG816,82,Adverb,The teacher spoke _________ to the class. (Adverb),clearly,teacher,class,clear,clearly,MCQ,Part of Speech
FENG817,82,Adverb,The boy climbed the ladder _________. (Adverb),ladder,carefully,boy,careful,carefully,MCQ,Part of Speech
FENG818,82,Adverb,She finished her homework _________. (Adverb),book,quick,quickly,homework,quickly,MCQ,Part of Speech
FENG819,82,Adverb,The cat moved _________ through the room. (Adverb),cat,room,silent,silently,silently,MCQ,Part of Speech
FENG820,82,Adverb,The team played _________ and won the match. (Adverb),match,good,team,well,well,MCQ,Part of Speech
FENG821,83,Adverb,"Pick out the Adverb: ""The girl danced gracefully.""",girl,danced,stage,gracefully,gracefully,MCQ,Part of Speech
FENG822,83,Adverb,"Pick out the Adverb: ""The boy spoke politely.""",boy,friend,spoke,politely,politely,MCQ,Part of Speech
FENG823,83,Adverb,"Pick out the Adverb: ""The dog waited patiently.""",dog,waited,owner,patiently,patiently,MCQ,Part of Speech
FENG824,83,Adverb,"Pick out the Adverb: ""The bird sang sweetly.""",bird,sang,tree,sweetly,sweetly,MCQ,Part of Speech
FENG825,83,Adverb,"Pick out the Adverb: ""The baby smiled happily.""",smiled,baby,happily,mother,happily,MCQ,Part of Speech
FENG826,83,Adverb,An adverb usually describes a _________.,verb,conjunction,noun,pronoun,verb,MCQ,Part of Speech
FENG827,83,Adverb,Which word tells how an action is done?,car,teacher,apple,softly,softly,MCQ,Part of Speech
FENG828,83,Adverb,The rabbit escaped _________ from the cage. (Adverb),quickly,rabbit,quick,cage,quickly,MCQ,Part of Speech
FENG829,83,Adverb,The students listened _________ during the lesson. (Adverb),lesson,attentive,students,attentively,attentively,MCQ,Part of Speech
FENG830,83,Adverb,He carried the glass _________ so it would not break. (Adverb),careful,table,glass,carefully,carefully,MCQ,Part of Speech
FENG831,84,Adverb,Which word is NOT an Adverb?,slowly,quietly,happily,table,table,MCQ,Part of Speech
FENG832,84,Adverb,Which word is NOT an Adverb?,book,softly,quickly,carefully,book,MCQ,Part of Speech
FENG833,84,Adverb,The children walked _________ into the classroom. (Adverb),orderly,book,orderly,orderly manner,orderly,MCQ,Part of Speech
FENG834,84,Adverb,The audience clapped _________ after the performance. (Adverb),loudly,audience,stage,loud,loudly,MCQ,Part of Speech
FENG835,84,Adverb,An adverb often answers the question _________?,how,which,who,when,how,MCQ,Part of Speech
FENG836,84,Adverb,Which word is an Adverb?,carefully,book,apple,teacher,carefully,MCQ,Part of Speech
FENG837,84,Adverb,Which word is an Adverb?,green,quickly,cat,jump,quickly,MCQ,Part of Speech
FENG838,84,Adverb,Which word is an Adverb?,run,school,quietly,blue,quietly,MCQ,Part of Speech
FENG839,84,Adverb,Which word is an Adverb?,kind,bravely,play,dog,bravely,MCQ,Part of Speech
FENG840,84,Adverb,Which word is an Adverb?,red,write,car,honestly,honestly,MCQ,Part of Speech
FENG841,85,Adverb,The girl answered the question _________. (Adverb),girl,question,correctly,correct,correctly,MCQ,Part of Speech
FENG842,85,Adverb,The athlete ran _________ to win the race. (Adverb),track,faster,fast,runner,fast,MCQ,Part of Speech
FENG843,85,Adverb,The children waited _________ for the show to begin. (Adverb),children,show,patiently,patient,patiently,MCQ,Part of Speech
FENG844,85,Adverb,The bird landed _________ on the fence. (Adverb),fence,safely,safe,bird,safely,MCQ,Part of Speech
FENG845,85,Adverb,She packed her books _________ into the bag. (Adverb),neatly,bag,books,neat,neatly,MCQ,Part of Speech
FENG846,85,Adverb,"Pick out the Adverb: ""The horse galloped swiftly across the field.""",galloped,horse,swiftly,field,swiftly,MCQ,Part of Speech
FENG847,85,Adverb,"Pick out the Adverb: ""The teacher explained the lesson clearly.""",lesson,clearly,explained,teacher,clearly,MCQ,Part of Speech
FENG848,85,Adverb,"Pick out the Adverb: ""The baby slept peacefully.""",slept,peacefully,baby,bed,peacefully,MCQ,Part of Speech
FENG849,85,Adverb,"Pick out the Adverb: ""The dog barked loudly at the stranger.""",stranger,barked,dog,loudly,loudly,MCQ,Part of Speech
FENG850,85,Adverb,"Pick out the Adverb: ""The children cheered excitedly.""",cheered,game,excitedly,children,excitedly,MCQ,Part of Speech
FENG851,86,Adverb,An adverb describes a _________.,adjective,verb,noun,pronoun,verb,MCQ,Part of Speech
FENG852,86,Adverb,Which word tells how an action is done?,tree,safely,book,teacher,safely,MCQ,Part of Speech
FENG853,86,Adverb,The firefighter acted _________ during the rescue. (Adverb),rescue,firefighter,bravely,brave,bravely,MCQ,Part of Speech
FENG854,86,Adverb,The turtle moved _________ across the road. (Adverb),road,slow,turtle,slowly,slowly,MCQ,Part of Speech
FENG855,86,Adverb,The singer performed _________ on stage. (Adverb),stage,singer,beautifully,beautiful,beautifully,MCQ,Part of Speech
FENG856,86,Adverb,Which word is NOT an Adverb?,carefully,table,happily,slowly,table,MCQ,Part of Speech
FENG857,86,Adverb,Which word is NOT an Adverb?,neatly,quickly,quietly,book,book,MCQ,Part of Speech
FENG858,86,Adverb,The students entered the classroom _________. (Adverb),quietly,quiet,students,classroom,quietly,MCQ,Part of Speech
FENG859,86,Adverb,The rabbit jumped _________ over the log. (Adverb),log,easy,easily,rabbit,easily,MCQ,Part of Speech
FENG860,86,Adverb,"An adverb often answers the question ""_________?""",how,which,who,where,how,MCQ,Part of Speech
FENG861,87,Conjunction,This is a small _________ beautiful city. (Conjunction),but,or,so,for,but,MCQ,Part of Speech
FENG862,87,Conjunction,"I wanted to play, _________ it started raining. (Conjunction)",but,and,because,so,but,MCQ,Part of Speech
FENG863,87,Conjunction,"She studied hard, _________ she passed the exam. (Conjunction)",so,but,or,yet,so,MCQ,Part of Speech
FENG864,87,Conjunction,Would you like tea _________ coffee? (Conjunction),but,so,or,because,or,MCQ,Part of Speech
FENG865,87,Conjunction,"He was tired, _________ he continued working. (Conjunction)",and,because,but,or,but,MCQ,Part of Speech
FENG866,87,Conjunction,The boy is poor _________ honest. (Conjunction),so,or,but,because,but,MCQ,Part of Speech
FENG867,87,Conjunction,I stayed home _________ I was feeling sick. (Conjunction),but,because,and,or,because,MCQ,Part of Speech
FENG868,87,Conjunction,We went to the park _________ played football. (Conjunction),and,but,or,so,and,MCQ,Part of Speech
FENG869,87,Conjunction,"Hurry up, _________ you will miss the train. (Conjunction)",because,or,and,but,or,MCQ,Part of Speech
FENG870,87,Conjunction,She is smart _________ hardworking. (Conjunction),because,but,or,and,and,MCQ,Part of Speech
FENG871,88,Conjunction,"He did not call, _________ he sent a message. (Conjunction)",so,and,because,but,but,MCQ,Part of Speech
FENG872,88,Conjunction,"The weather was cold, _________ we stayed indoors. (Conjunction)",but,so,or,yet,so,MCQ,Part of Speech
FENG873,88,Conjunction,You can take a bus _________ a taxi. (Conjunction),or,and,because,but,or,MCQ,Part of Speech
FENG874,88,Conjunction,The baby cried _________ it was hungry. (Conjunction),because,but,and,so,because,MCQ,Part of Speech
FENG875,88,Conjunction,She opened the window _________ let in fresh air. (Conjunction),but,and,because,or,and,MCQ,Part of Speech
FENG876,88,Conjunction,"I wanted to buy the book, _________ I had no money. (Conjunction)",because,so,or,but,but,MCQ,Part of Speech
FENG877,88,Conjunction,He woke up early _________ went for a walk. (Conjunction),because,or,but,and,and,MCQ,Part of Speech
FENG878,88,Conjunction,"Study well, _________ you may fail the test. (Conjunction)",and,because,or,but,or,MCQ,Part of Speech
FENG879,88,Conjunction,The food was tasty _________ expensive. (Conjunction),because,but,and,so,but,MCQ,Part of Speech
FENG880,88,Conjunction,We stayed inside _________ the storm was strong. (Conjunction),or,and,because,but,because,MCQ,Part of Speech
FENG881,89,Conjunction,My sister likes music _________ dancing. (Conjunction),or,because,and,but,and,MCQ,Part of Speech
FENG882,89,Conjunction,"He practiced daily, _________ he became a better player. (Conjunction)",or,but,so,because,so,MCQ,Part of Speech
FENG883,89,Conjunction,Do you want apples _________ bananas? (Conjunction),or,and,but,because,or,MCQ,Part of Speech
FENG884,89,Conjunction,The room was small _________ comfortable. (Conjunction),and,so,because,but,but,MCQ,Part of Speech
FENG885,89,Conjunction,She smiled _________ waved at her friend. (Conjunction),and,because,but,or,and,MCQ,Part of Speech
FENG886,89,Conjunction,"The boy was hungry, _________ he ate a sandwich. (Conjunction)",because,but,or,so,so,MCQ,Part of Speech
FENG887,89,Conjunction,She can sing _________ dance very well. (Conjunction),or,but,because,and,and,MCQ,Part of Speech
FENG888,89,Conjunction,We stayed at home _________ it was raining heavily. (Conjunction),or,and,but,because,because,MCQ,Part of Speech
FENG889,89,Conjunction,"Take an umbrella, _________ you may get wet. (Conjunction)",or,and,because,but,or,MCQ,Part of Speech
FENG890,89,Conjunction,He is poor _________ very happy. (Conjunction),or,because,but,so,but,MCQ,Part of Speech
FENG891,90,Conjunction,I finished my homework _________ went to bed. (Conjunction),because,and,or,but,and,MCQ,Part of Speech
FENG892,90,Conjunction,"The road was slippery, _________ we drove carefully. (Conjunction)",so,but,and,because,so,MCQ,Part of Speech
FENG893,90,Conjunction,Would you like juice _________ milk? (Conjunction),because,but,and,or,or,MCQ,Part of Speech
FENG894,90,Conjunction,"She did not study, _________ she failed the test. (Conjunction)",because,but,and,so,so,MCQ,Part of Speech
FENG895,90,Conjunction,The movie was long _________ interesting. (Conjunction),because,or,but,so,but,MCQ,Part of Speech
FENG896,90,Conjunction,He opened the box _________ found a gift inside. (Conjunction),or,but,because,and,and,MCQ,Part of Speech
FENG897,90,Conjunction,I could not attend class _________ I was sick. (Conjunction),and,or,but,because,because,MCQ,Part of Speech
FENG898,90,Conjunction,"Walk faster, _________ you will be late. (Conjunction)",and,or,but,because,or,MCQ,Part of Speech
FENG899,90,Conjunction,The cat jumped onto the chair _________ slept there. (Conjunction),because,or,and,but,and,MCQ,Part of Speech
FENG900,90,Conjunction,She is intelligent _________ humble. (Conjunction),and,so,or,but,and,MCQ,Part of Speech
FENG901,91,Conjunction,"The shop was closed, _________ we returned home. (Conjunction)",so,because,but,or,so,MCQ,Part of Speech
FENG902,91,Conjunction,"He tried hard, _________ he could not win. (Conjunction)",and,because,but,or,but,MCQ,Part of Speech
FENG903,91,Conjunction,"You must hurry, _________ the bus will leave soon. (Conjunction)",or,because,but,and,or,MCQ,Part of Speech
FENG904,91,Conjunction,The child cried _________ he lost his toy. (Conjunction),because,so,and,but,because,MCQ,Part of Speech
FENG905,91,Conjunction,We bought fruits _________ vegetables from the market. (Conjunction),or,and,but,because,and,MCQ,Part of Speech
FENG906,91,Conjunction,"The room was dark, _________ I switched on the light. (Conjunction)",or,because,so,but,so,MCQ,Part of Speech
FENG907,91,Conjunction,"She wanted to travel, _________ she saved money. (Conjunction)",and,because,but,so,so,MCQ,Part of Speech
FENG908,91,Conjunction,Do you prefer tea _________ coffee in the morning? (Conjunction),or,and,but,because,or,MCQ,Part of Speech
FENG909,91,Conjunction,"He was sleepy, _________ he finished the work first. (Conjunction)",so,because,or,but,but,MCQ,Part of Speech
FENG910,91,Conjunction,The children laughed _________ clapped their hands happily. (Conjunction),because,and,but,or,and,MCQ,Part of Speech
FENG911,92,Interjection,___! That was an amazing goal.,Quickly,Run,Beautiful,Wow,Wow,MCQ,Part of Speech
FENG912,92,Interjection,___! I forgot my homework.,Jump,Oops,Table,Blue,Oops,MCQ,Part of Speech
FENG913,92,Interjection,___! We won the match.,Slowly,Chair,Hooray,School,Hooray,MCQ,Part of Speech
FENG914,92,Interjection,___! That hurt my finger.,Under,Ouch,Happy,Walk,Ouch,MCQ,Part of Speech
FENG915,92,Interjection,___! The food tastes great.,Book,Yummy,Write,Tall,Yummy,MCQ,Part of Speech
FENG916,92,Interjection,___! I didn't expect to see you here.,Oh,Green,Window,Run,Oh,MCQ,Part of Speech
FENG917,92,Interjection,___! Be careful with that glass.,Watch out,Dog,Pencil,Quickly,Watch out,MCQ,Part of Speech
FENG918,92,Interjection,___! We are going on vacation tomorrow.,Orange,Yay,School,Dance,Yay,MCQ,Part of Speech
FENG919,92,Interjection,___! The baby is so cute.,Fast,Aww,Table,Jump,Aww,MCQ,Part of Speech
FENG920,92,Interjection,___! I stepped in a puddle.,Sing,Oops,Cloud,Loud,Oops,MCQ,Part of Speech
FENG921,93,Interjection,___! The magician disappeared.,Wow,Small,Desk,Read,Wow,MCQ,Part of Speech
FENG922,93,Interjection,___! I can't believe I lost my keys.,Oh no,Swim,Bag,Pretty,Oh no,MCQ,Part of Speech
FENG923,93,Interjection,___! You scared me.,House,Yellow,Slowly,Ah,Ah,MCQ,Part of Speech
FENG924,93,Interjection,___! What a beautiful rainbow.,Quiet,Wow,Play,Tree,Wow,MCQ,Part of Speech
FENG925,93,Interjection,___! We finished the project on time.,Tiny,Hooray,Apple,Talk,Hooray,MCQ,Part of Speech
FENG926,93,Interjection,___! The soup is very hot.,Book,Strong,Yikes,Walk,Yikes,MCQ,Part of Speech
FENG927,93,Interjection,___! I dropped my ice cream.,Oh no,Smile,Chair,Blue,Oh no,MCQ,Part of Speech
FENG928,93,Interjection,___! That joke was funny.,Round,Dance,Ha ha,School,Ha ha,MCQ,Part of Speech
FENG929,93,Interjection,___! The fireworks are beautiful.,Run,Large,Pen,Wow,Wow,MCQ,Part of Speech
FENG930,93,Interjection,___! We got full marks in the test.,Red,Hooray,Sing,Window,Hooray,MCQ,Part of Speech
FENG931,94,Interjection,___! I touched something sharp.,Jump,Happy,Ouch,Bottle,Ouch,MCQ,Part of Speech
FENG932,94,Interjection,___! Look at that giant elephant.,Desk,Short,Wow,Write,Wow,MCQ,Part of Speech
FENG933,94,Interjection,___! I nearly fell off my bike.,Read,Door,Bright,Yikes,Yikes,MCQ,Part of Speech
FENG934,94,Interjection,___! It's snowing outside.,Wow,Young,Table,Walk,Wow,MCQ,Part of Speech
FENG935,94,Interjection,___! We are the champions.,Book,Kind,Draw,Hooray,Hooray,MCQ,Part of Speech
FENG936,94,Interjection,___! I just found a hundred-dollar bill.,Chair,Blue,Run,Wow,Wow,MCQ,Part of Speech
FENG937,94,Interjection,___! The movie was fantastic.,Wow,Table,Happy,Sing,Wow,MCQ,Part of Speech
FENG938,94,Interjection,___! I accidentally broke the vase.,Walk,Book,Green,Oops,Oops,MCQ,Part of Speech
FENG939,94,Interjection,___! We are going to the amusement park.,Jump,Yellow,School,Yay,Yay,MCQ,Part of Speech
FENG940,94,Interjection,___! I bumped my head on the door.,Ouch,Tall,Pencil,Read,Ouch,MCQ,Part of Speech
FENG941,95,Interjection,___! The puppy is adorable.,Aww,Strong,Desk,Dance,Aww,MCQ,Part of Speech
FENG942,95,Interjection,___! You nearly hit the wall.,Watch out,Tree,Bright,Swim,Watch out,MCQ,Part of Speech
FENG943,95,Interjection,___! I forgot my friend's birthday.,House,Oh no,Write,Fast,Oh no,MCQ,Part of Speech
FENG944,95,Interjection,___! That's a huge cake.,Kind,Door,Wow,Run,Wow,MCQ,Part of Speech
FENG945,95,Interjection,___! We finished first in the race.,Apple,Quiet,Hooray,Draw,Hooray,MCQ,Part of Speech
FENG946,95,Interjection,___! The roller coaster is moving fast.,Small,Read,Chair,Yikes,Yikes,MCQ,Part of Speech
FENG947,95,Interjection,___! I didn't know you were here.,Table,Blue,Walk,Oh,Oh,MCQ,Part of Speech
FENG948,95,Interjection,___! The clown made everyone laugh.,Pretty,Ha ha,Book,Jump,Ha ha,MCQ,Part of Speech
FENG949,95,Interjection,___! I spilled juice on my shirt.,Round,Sing,Oops,Window,Oops,MCQ,Part of Speech
FENG950,95,Interjection,___! That lightning was very bright.,Young,Wow,Desk,Swim,Wow,MCQ,Part of Speech
FENG951,96,Interjection,___! We passed the exam.,Hooray,Door,Tiny,Talk,Hooray,MCQ,Part of Speech
FENG952,96,Interjection,___! I touched a hot pan.,School,Run,Large,Ouch,Ouch,MCQ,Part of Speech
FENG953,96,Interjection,___! The kitten fell asleep in my lap.,Write,Cold,Book,Aww,Aww,MCQ,Part of Speech
FENG954,96,Interjection,___! The bus is coming quickly.,Read,Tree,Look out,Sharp,Look out,MCQ,Part of Speech
FENG955,96,Interjection,___! I can't find my backpack.,Oh no,Soft,Table,Draw,Oh no,MCQ,Part of Speech
FENG956,96,Interjection,___! We get an extra holiday tomorrow.,Walk,Heavy,Chair,Yay,Yay,MCQ,Part of Speech
FENG957,96,Interjection,___! That magic trick was unbelievable.,Wow,Warm,Run,Window,Wow,MCQ,Part of Speech
FENG958,96,Interjection,___! The bee almost stung me.,Slow,Desk,Jump,Yikes,Yikes,MCQ,Part of Speech
FENG959,96,Interjection,___! You solved the puzzle perfectly.,Green,Bravo,Door,Sing,Bravo,MCQ,Part of Speech
FENG960,96,Interjection,___! The concert was amazing.,Read,Book,Happy,Wow,Wow,MCQ,Part of Speech
FENG961,97,Interjection,___! You answered every question correctly.,Blue,Jump,Bravo,Chair,Bravo,MCQ,Part of Speech
FENG962,97,Interjection,___! The glass is about to fall.,Happy,Book,Write,Look out,Look out,MCQ,Part of Speech
FENG963,97,Interjection,___! We are finally at the beach.,Green,Yay,Run,Table,Yay,MCQ,Part of Speech
FENG964,97,Interjection,___! That spider is huge.,Tall,Sing,Yikes,School,Yikes,MCQ,Part of Speech
FENG965,97,Interjection,___! I accidentally deleted my homework.,Oops,Yellow,Desk,Walk,Oops,MCQ,Part of Speech
FENG966,97,Interjection,___! The baby just smiled at me.,Aww,Strong,Tree,Read,Aww,MCQ,Part of Speech
FENG967,97,Interjection,___! What a beautiful painting.,Bright,Jump,Wow,Apple,Wow,MCQ,Part of Speech
FENG968,97,Interjection,___! I hurt my knee while running.,Ouch,Kind,Door,Swim,Ouch,MCQ,Part of Speech
FENG969,97,Interjection,___! We won the science competition.,Hooray,Quiet,Book,Draw,Hooray,MCQ,Part of Speech
FENG970,97,Interjection,___! I didn't expect such a surprise.,Talk,Window,Oh,Small,Oh,MCQ,Part of Speech
FENG971,98,Interjection,___! I forgot to bring my lunch.,Pretty,Oh no,Chair,Write,Oh no,MCQ,Part of Speech
FENG972,98,Interjection,___! That joke was hilarious.,Ha ha,Round,Table,Run,Ha ha,MCQ,Part of Speech
FENG973,98,Interjection,___! The puppy learned a new trick.,School,Sing,Bravo,Young,Bravo,MCQ,Part of Speech
FENG974,98,Interjection,___! The soup smells delicious.,Desk,Read,Tiny,Yummy,Yummy,MCQ,Part of Speech
FENG975,98,Interjection,___! A car is coming your way.,Watch out,Large,Tree,Walk,Watch out,MCQ,Part of Speech
FENG976,98,Interjection,___! We are going on a picnic today.,Jump,Apple,Cold,Yay,Yay,MCQ,Part of Speech
FENG977,98,Interjection,___! The fireworks were spectacular.,Draw,Door,Soft,Wow,Wow,MCQ,Part of Speech
FENG978,98,Interjection,___! I stepped on a toy.,Book,Sing,Ouch,Warm,Ouch,MCQ,Part of Speech
FENG979,98,Interjection,___! The little ducklings are adorable.,Window,Sharp,Aww,Read,Aww,MCQ,Part of Speech
FENG980,98,Interjection,___! You nearly dropped the cake.,Chair,Slow,Careful,Write,Careful,MCQ,Part of Speech
FENG981,99,Interjection,___! I got a perfect score in math.,Hooray,Table,Talk,Heavy,Hooray,MCQ,Part of Speech
FENG982,99,Interjection,___! I left my ticket at home.,Green,Run,Oh no,School,Oh no,MCQ,Part of Speech
FENG983,99,Interjection,___! That roller coaster was scary.,Jump,Yikes,Desk,Blue,Yikes,MCQ,Part of Speech
FENG984,99,Interjection,___! The magician pulled a rabbit from a hat.,Happy,Swim,Wow,Tree,Wow,MCQ,Part of Speech
FENG985,99,Interjection,___! You performed very well on stage.,Apple,Walk,Tall,Bravo,Bravo,MCQ,Part of Speech
FENG986,99,Interjection,___! I spilled juice on my shirt.,Oops,Chair,Run,Green,Oops,MCQ,Part of Speech
FENG987,99,Interjection,___! That puppy is so cute.,Wow,Desk,Jump,Tall,Wow,MCQ,Part of Speech
FENG988,99,Interjection,___! I forgot to do my homework.,Oh no,Apple,Walk,Heavy,Oh no,MCQ,Part of Speech
FENG989,99,Interjection,___! The fireworks are amazing.,Bravo,Swim,Blue,Quickly,Bravo,MCQ,Part of Speech
FENG990,99,Interjection,___! I won the race!,Hooray,School,Desk,Kind,Hooray,MCQ,Part of Speech
FENG991,100,Part of Speech: Practice 1,A pronoun is used instead of a _____ Word.,,,,,Naming,FillBlank,Part of Speech
FENG992,100,Part of Speech: Practice 1,"Replace the Naming Word: ""The children are laughing."" ? _____ are laughing.",,,,,They,FillBlank,Part of Speech
FENG993,100,Part of Speech: Practice 1,I like apples _____ oranges.,,,,,and,FillBlank,Part of Speech
FENG994,100,Part of Speech: Practice 1,"Rina was tired, _____ she finished her homework.",,,,,but,FillBlank,Part of Speech
FENG995,100,Part of Speech: Practice 1,"Hurry up, _____ you will miss the bus.",,,,,or,FillBlank,Part of Speech
FENG996,100,Part of Speech: Practice 1,I stayed inside _____ it was raining.,,,,,because,FillBlank,Part of Speech
FENG997,100,Part of Speech: Practice 1,You can have tea _____ coffee.,,,,,or,FillBlank,Part of Speech
FENG998,100,Part of Speech: Practice 1,Karim and Rahim are brothers. (Pick out the Conjunction),,,,,and,FillBlank,Part of Speech
FENG999,100,Part of Speech: Practice 1,"I wanted to play, _____ it was too late.",,,,,but,FillBlank,Part of Speech
FENG1000,100,Part of Speech: Practice 1,She smiled _____ waved at me.,,,,,and,FillBlank,Part of Speech
FENG1001,101,Part of Speech: Practice 1,We stayed home _____ the weather was bad.,,,,,because,FillBlank,Part of Speech
FENG1002,101,Part of Speech: Practice 1,Eat your vegetables _____ you will not get dessert.,,,,,or,FillBlank,Part of Speech
FENG1003,101,Part of Speech: Practice 1,"Which word is a Conjunction? (and, cat, jump, blue)",,,,,and,FillBlank,Part of Speech
FENG1004,101,Part of Speech: Practice 1,"Which word is a Conjunction? (because, pencil, run, happy)",,,,,because,FillBlank,Part of Speech
FENG1005,101,Part of Speech: Practice 1,I have a dog _____ a cat.,,,,,and,FillBlank,Part of Speech
FENG1006,101,Part of Speech: Practice 1,He is small _____ strong.,,,,,but,FillBlank,Part of Speech
FENG1007,101,Part of Speech: Practice 1,Would you like juice _____ milk?,,,,,or,FillBlank,Part of Speech
FENG1008,101,Part of Speech: Practice 1,She was absent _____ she was sick.,,,,,because,FillBlank,Part of Speech
FENG1009,101,Part of Speech: Practice 1,The boy ran fast _____ won the race.,,,,,and,FillBlank,Part of Speech
FENG1010,101,Part of Speech: Practice 1,"I knocked on the door, _____ nobody answered.",,,,,but,FillBlank,Part of Speech
FENG1011,102,Part of Speech: Practice 1,Wear a coat _____ it is cold outside.,,,,,because,FillBlank,Part of Speech
FENG1012,102,Part of Speech: Practice 1,Study hard _____ you can do well in the exam.,,,,,and,FillBlank,Part of Speech
FENG1013,102,Part of Speech: Practice 1,"Pick out the Conjunction: ""I was hungry, so I ate lunch.""",,,,,so,FillBlank,Part of Speech
FENG1014,102,Part of Speech: Practice 1,"Pick out the Conjunction: ""Tom and Jerry are friends.""",,,,,and,FillBlank,Part of Speech
FENG1015,102,Part of Speech: Practice 1,"Pick out the Conjunction: ""She was tired but happy.""",,,,,but,FillBlank,Part of Speech
FENG1016,102,Part of Speech: Practice 1,A conjunction joins _____ or groups of words.,,,,,words,FillBlank,Part of Speech
FENG1017,102,Part of Speech: Practice 1,We went to the park _____ played football.,,,,,and,FillBlank,Part of Speech
FENG1018,102,Part of Speech: Practice 1,Rina and Mina are best friends. (Pick out the Conjunction),,,,,and,FillBlank,Part of Speech
FENG1019,102,Part of Speech: Practice 1,"I was hungry, so I ate a sandwich. (Pick out the Conjunction)",,,,,so,FillBlank,Part of Speech
FENG1020,102,Part of Speech: Practice 1,The boy was tired but happy. (Pick out the Conjunction),,,,,but,FillBlank,Part of Speech
FENG1021,103,Part of Speech: Practice 1,Would you like tea or coffee? (Pick out the Conjunction),,,,,or,FillBlank,Part of Speech
FENG1022,103,Part of Speech: Practice 1,We stayed inside because it was raining. (Pick out the Conjunction),,,,,because,FillBlank,Part of Speech
FENG1023,103,Part of Speech: Practice 1,Tom and Jerry played in the garden. (Pick out the Conjunction),,,,,and,FillBlank,Part of Speech
FENG1024,103,Part of Speech: Practice 1,"She studied hard, so she passed the test. (Pick out the Conjunction)",,,,,so,FillBlank,Part of Speech
FENG1025,103,Part of Speech: Practice 1,Karim is young but very smart. (Pick out the Conjunction),,,,,but,FillBlank,Part of Speech
FENG1026,103,Part of Speech: Practice 1,Do you want a pencil or a pen? (Pick out the Conjunction),,,,,or,FillBlank,Part of Speech
FENG1027,103,Part of Speech: Practice 1,The match was cancelled because the field was wet. (Pick out the Conjunction),,,,,because,FillBlank,Part of Speech
FENG1028,103,Part of Speech: Practice 1,Ali and Hasan went to school together. (Pick out the Conjunction),,,,,and,FillBlank,Part of Speech
FENG1029,103,Part of Speech: Practice 1,"The cat was sleepy, so it curled up on the sofa. (Pick out the Conjunction)",,,,,so,FillBlank,Part of Speech
FENG1030,103,Part of Speech: Practice 1,The cake looked delicious but tasted salty. (Pick out the Conjunction),,,,,but,FillBlank,Part of Speech
FENG1031,104,Part of Speech: Practice 1,You may sit here or stand near the door. (Pick out the Conjunction),,,,,or,FillBlank,Part of Speech
FENG1032,104,Part of Speech: Practice 1,We left early because the road was crowded. (Pick out the Conjunction),,,,,because,FillBlank,Part of Speech
FENG1033,104,Part of Speech: Practice 1,My brother and sister help me with homework. (Pick out the Conjunction),,,,,and,FillBlank,Part of Speech
FENG1034,104,Part of Speech: Practice 1,"It was getting dark, so we went home. (Pick out the Conjunction)",,,,,so,FillBlank,Part of Speech
FENG1035,104,Part of Speech: Practice 1,She is small but very brave. (Pick out the Conjunction),,,,,but,FillBlank,Part of Speech
FENG1036,104,Part of Speech: Practice 1,Would you like an apple or a banana? (Pick out the Conjunction),,,,,or,FillBlank,Part of Speech
FENG1037,104,Part of Speech: Practice 1,He wore a jacket because it was cold. (Pick out the Conjunction),,,,,because,FillBlank,Part of Speech
FENG1038,104,Part of Speech: Practice 1,The teacher and the students visited the museum. (Pick out the Conjunction),,,,,and,FillBlank,Part of Speech
FENG1039,104,Part of Speech: Practice 1,"The bus was late, so we waited patiently. (Pick out the Conjunction)",,,,,so,FillBlank,Part of Speech
FENG1040,104,Part of Speech: Practice 1,The book was old but interesting. (Pick out the Conjunction),,,,,but,FillBlank,Part of Speech
ENG1041,104,Part of Speech: Practice 1,"The bus was late, so we waited patiently. (Pick out the Conjunction)",,,,,so,FillBlank,Part of Speech
ENG1042,104,Part of Speech: Practice 1,The book was old but interesting. (Pick out the Conjunction),,,,,but,FillBlank,Part of Speech
